"Campionato","DA","SA","RA","Squadre","RR","SR","DR"
"Bundesliga_1","2015-08-15","1","0-1","1. FSV Mainz 05-FC Ingolstadt 04","0-1","18","2016-01-23"
"Bundesliga_1","2015-08-15","1","2-1","Bayer 04 Leverkusen-TSG 1899 Hoffenheim","1-1","18","2016-01-23"
"Bundesliga_1","2015-08-15","1","4-0","Borussia Dortmund-Borussia Mönchengladbach","3-1","18","2016-01-23"
"Bundesliga_1","2015-08-15","1","0-1","FC Augsburg-Hertha BSC Berlin","0-0","18","2016-01-23"
"Bundesliga_1","2015-08-14","1","5-0","FC Bayern Munich-Hamburger SV","2-1","18","2016-01-22"
"Bundesliga_1","2015-08-15","1","2-2","SV Darmstadt 98-Hannover 96","2-1","18","2016-01-23"
"Bundesliga_1","2015-08-15","1","0-3","SV Werder Bremen-FC Schalke 04","3-1","18","2016-01-24"
"Bundesliga_1","2015-08-16","1","1-3","VfB Stuttgart-1. FC Köln","3-1","18","2016-01-23"
"Bundesliga_1","2015-08-16","1","2-1","VfL Wolfsburg-Eintracht Frankfurt","2-3","18","2016-01-24"
"Bundesliga_1","2015-08-22","2","1-1","1. FC Köln-VfL Wolfsburg","1-1","19","2016-01-31"
"Bundesliga_1","2015-08-23","2","1-2","Borussia Mönchengladbach-1. FSV Mainz 05","0-1","19","2016-01-29"
"Bundesliga_1","2015-08-22","2","1-1","Eintracht Frankfurt-FC Augsburg","0-0","19","2016-01-30"
"Bundesliga_1","2015-08-23","2","0-4","FC Ingolstadt 04-Borussia Dortmund","0-2","19","2016-01-30"
"Bundesliga_1","2015-08-22","2","1-1","FC Schalke 04-SV Darmstadt 98","2-0","19","2016-01-30"
"Bundesliga_1","2015-08-22","2","3-2","Hamburger SV-VfB Stuttgart","1-2","19","2016-01-30"
"Bundesliga_1","2015-08-22","2","0-1","Hannover 96-Bayer 04 Leverkusen","0-3","19","2016-01-30"
"Bundesliga_1","2015-08-21","2","1-1","Hertha BSC Berlin-SV Werder Bremen","3-3","19","2016-01-30"
"Bundesliga_1","2015-08-22","2","1-2","TSG 1899 Hoffenheim-FC Bayern Munich","0-2","19","2016-01-31"
"Bundesliga_1","2015-08-29","3","2-1","1. FC Köln-Hamburger SV","1-1","20","2016-02-07"
"Bundesliga_1","2015-08-29","3","3-0","1. FSV Mainz 05-Hannover 96","1-0","20","2016-02-06"
"Bundesliga_1","2015-08-30","3","3-1","Borussia Dortmund-Hertha BSC Berlin","0-0","20","2016-02-06"
"Bundesliga_1","2015-08-29","3","0-1","FC Augsburg-FC Ingolstadt 04","1-2","20","2016-02-06"
"Bundesliga_1","2015-08-29","3","3-0","FC Bayern Munich-Bayer 04 Leverkusen","0-0","20","2016-02-06"
"Bundesliga_1","2015-08-29","3","0-0","SV Darmstadt 98-TSG 1899 Hoffenheim","2-0","20","2016-02-07"
"Bundesliga_1","2015-08-30","3","2-1","SV Werder Bremen-Borussia Mönchengladbach","1-5","20","2016-02-05"
"Bundesliga_1","2015-08-29","3","1-4","VfB Stuttgart-Eintracht Frankfurt","4-2","20","2016-02-06"
"Bundesliga_1","2015-08-28","3","3-0","VfL Wolfsburg-FC Schalke 04","0-3","20","2016-02-06"
"Bundesliga_1","2015-09-12","4","0-1","Bayer 04 Leverkusen-SV Darmstadt 98","2-1","21","2016-02-13"
"Bundesliga_1","2015-09-11","4","0-3","Borussia Mönchengladbach-Hamburger SV","2-3","21","2016-02-14"
"Bundesliga_1","2015-09-12","4","6-2","Eintracht Frankfurt-1. FC Köln","1-3","21","2016-02-13"
"Bundesliga_1","2015-09-12","4","2-1","FC Bayern Munich-FC Augsburg","3-1","21","2016-02-14"
"Bundesliga_1","2015-09-12","4","0-0","FC Ingolstadt 04-VfL Wolfsburg","0-2","21","2016-02-13"
"Bundesliga_1","2015-09-13","4","2-1","FC Schalke 04-1. FSV Mainz 05","1-2","21","2016-02-12"
"Bundesliga_1","2015-09-12","4","2-4","Hannover 96-Borussia Dortmund","0-1","21","2016-02-13"
"Bundesliga_1","2015-09-12","4","2-1","Hertha BSC Berlin-VfB Stuttgart","0-2","21","2016-02-13"
"Bundesliga_1","2015-09-13","4","1-3","TSG 1899 Hoffenheim-SV Werder Bremen","1-1","21","2016-02-13"
"Bundesliga_1","2015-09-19","5","1-0","1. FC Köln-Borussia Mönchengladbach","0-1","22","2016-02-20"
"Bundesliga_1","2015-09-18","5","3-1","1. FSV Mainz 05-TSG 1899 Hoffenheim","2-3","22","2016-02-20"
"Bundesliga_1","2015-09-20","5","3-0","Borussia Dortmund-Bayer 04 Leverkusen","1-0","22","2016-02-21"
"Bundesliga_1","2015-09-20","5","2-0","FC Augsburg-Hannover 96","1-0","22","2016-02-21"
"Bundesliga_1","2015-09-19","5","0-0","Hamburger SV-Eintracht Frankfurt","0-0","22","2016-02-19"
"Bundesliga_1","2015-09-19","5","0-3","SV Darmstadt 98-FC Bayern Munich","1-3","22","2016-02-20"
"Bundesliga_1","2015-09-19","5","0-1","SV Werder Bremen-FC Ingolstadt 04","0-2","22","2016-02-20"
"Bundesliga_1","2015-09-20","5","0-1","VfB Stuttgart-FC Schalke 04","1-1","22","2016-02-21"
"Bundesliga_1","2015-09-19","5","2-0","VfL Wolfsburg-Hertha BSC Berlin","1-1","22","2016-02-20"
"Bundesliga_1","2015-09-23","6","1-0","Bayer 04 Leverkusen-1. FSV Mainz 05","1-3","23","2016-02-28"
"Bundesliga_1","2015-09-23","6","4-2","Borussia Mönchengladbach-FC Augsburg","2-2","23","2016-02-28"
"Bundesliga_1","2015-09-22","6","5-1","FC Bayern Munich-VfL Wolfsburg","2-0","23","2016-02-27"
"Bundesliga_1","2015-09-22","6","0-1","FC Ingolstadt 04-Hamburger SV","1-1","23","2016-02-27"
"Bundesliga_1","2015-09-23","6","2-0","FC Schalke 04-Eintracht Frankfurt","0-0","23","2016-02-28"
"Bundesliga_1","2015-09-23","6","1-3","Hannover 96-VfB Stuttgart","2-1","23","2016-02-27"
"Bundesliga_1","2015-09-22","6","2-0","Hertha BSC Berlin-1. FC Köln","1-0","23","2016-02-26"
"Bundesliga_1","2015-09-22","6","2-1","SV Darmstadt 98-SV Werder Bremen","2-2","23","2016-02-27"
"Bundesliga_1","2015-09-23","6","1-1","TSG 1899 Hoffenheim-Borussia Dortmund","1-3","23","2016-02-28"
"Bundesliga_1","2015-09-25","7","1-1","1. FC Köln-FC Ingolstadt 04","1-1","24","2016-03-01"
"Bundesliga_1","2015-09-26","7","0-3","1. FSV Mainz 05-FC Bayern Munich","2-1","24","2016-03-02"
"Bundesliga_1","2015-09-27","7","2-2","Borussia Dortmund-SV Darmstadt 98","2-0","24","2016-03-02"
"Bundesliga_1","2015-09-27","7","1-1","Eintracht Frankfurt-Hertha BSC Berlin","0-2","24","2016-03-02"
"Bundesliga_1","2015-09-26","7","1-3","FC Augsburg-TSG 1899 Hoffenheim","1-2","24","2016-03-02"
"Bundesliga_1","2015-09-26","7","0-1","Hamburger SV-FC Schalke 04","2-3","24","2016-03-02"
"Bundesliga_1","2015-09-26","7","0-3","SV Werder Bremen-Bayer 04 Leverkusen","4-1","24","2016-03-02"
"Bundesliga_1","2015-09-26","7","1-3","VfB Stuttgart-Borussia Mönchengladbach","0-4","24","2016-03-02"
"Bundesliga_1","2015-09-26","7","1-1","VfL Wolfsburg-Hannover 96","4-0","24","2016-03-01"
"Bundesliga_1","2015-10-04","8","1-1","Bayer 04 Leverkusen-FC Augsburg","3-3","25","2016-03-05"
"Bundesliga_1","2015-10-03","8","2-0","Borussia Mönchengladbach-VfL Wolfsburg","1-2","25","2016-03-05"
"Bundesliga_1","2015-10-04","8","5-1","FC Bayern Munich-Borussia Dortmund","0-0","25","2016-03-05"
"Bundesliga_1","2015-10-03","8","2-0","FC Ingolstadt 04-Eintracht Frankfurt","1-1","25","2016-03-05"
"Bundesliga_1","2015-10-04","8","0-3","FC Schalke 04-1. FC Köln","3-1","25","2016-03-05"
"Bundesliga_1","2015-10-03","8","1-0","Hannover 96-SV Werder Bremen","1-4","25","2016-03-05"
"Bundesliga_1","2015-10-03","8","3-0","Hertha BSC Berlin-Hamburger SV","0-2","25","2016-03-06"
"Bundesliga_1","2015-10-02","8","2-3","SV Darmstadt 98-1. FSV Mainz 05","0-0","25","2016-03-06"
"Bundesliga_1","2015-10-03","8","2-2","TSG 1899 Hoffenheim-VfB Stuttgart","1-5","25","2016-03-05"
"Bundesliga_1","2015-10-18","9","0-1","1. FC Köln-Hannover 96","2-0","26","2016-03-12"
"Bundesliga_1","2015-10-16","9","0-2","1. FSV Mainz 05-Borussia Dortmund","0-2","26","2016-03-13"
"Bundesliga_1","2015-10-17","9","1-5","Eintracht Frankfurt-Borussia Mönchengladbach","0-3","26","2016-03-12"
"Bundesliga_1","2015-10-17","9","0-2","FC Augsburg-SV Darmstadt 98","2-2","26","2016-03-12"
"Bundesliga_1","2015-10-17","9","2-1","FC Schalke 04-Hertha BSC Berlin","0-2","26","2016-03-11"
"Bundesliga_1","2015-10-17","9","0-0","Hamburger SV-Bayer 04 Leverkusen","0-1","26","2016-03-13"
"Bundesliga_1","2015-10-17","9","0-1","SV Werder Bremen-FC Bayern Munich","0-5","26","2016-03-12"
"Bundesliga_1","2015-10-18","9","1-0","VfB Stuttgart-FC Ingolstadt 04","3-3","26","2016-03-12"
"Bundesliga_1","2015-10-17","9","4-2","VfL Wolfsburg-TSG 1899 Hoffenheim","0-1","26","2016-03-12"
"Bundesliga_1","2015-10-24","10","1-3","1. FSV Mainz 05-SV Werder Bremen","1-1","27","2016-03-19"
"Bundesliga_1","2015-10-24","10","4-3","Bayer 04 Leverkusen-VfB Stuttgart","2-0","27","2016-03-20"
"Bundesliga_1","2015-10-25","10","5-1","Borussia Dortmund-FC Augsburg","3-1","27","2016-03-20"
"Bundesliga_1","2015-10-25","10","3-1","Borussia Mönchengladbach-FC Schalke 04","1-2","27","2016-03-18"
"Bundesliga_1","2015-10-24","10","4-0","FC Bayern Munich-1. FC Köln","1-0","27","2016-03-19"
"Bundesliga_1","2015-10-24","10","0-1","FC Ingolstadt 04-Hertha BSC Berlin","1-2","27","2016-03-19"
"Bundesliga_1","2015-10-24","10","1-2","Hannover 96-Eintracht Frankfurt","0-1","27","2016-03-19"
"Bundesliga_1","2015-10-24","10","0-1","SV Darmstadt 98-VfL Wolfsburg","1-1","27","2016-03-19"
"Bundesliga_1","2015-10-23","10","0-1","TSG 1899 Hoffenheim-Hamburger SV","3-1","27","2016-03-19"
"Bundesliga_1","2015-10-31","11","0-0","1. FC Köln-TSG 1899 Hoffenheim","1-1","28","2016-04-03"
"Bundesliga_1","2015-10-30","11","0-0","Eintracht Frankfurt-FC Bayern Munich","0-1","28","2016-04-02"
"Bundesliga_1","2015-10-31","11","3-3","FC Augsburg-1. FSV Mainz 05","2-4","28","2016-04-02"
"Bundesliga_1","2015-10-31","11","1-1","FC Schalke 04-FC Ingolstadt 04","0-3","28","2016-04-02"
"Bundesliga_1","2015-11-01","11","1-2","Hamburger SV-Hannover 96","3-0","28","2016-04-02"
"Bundesliga_1","2015-10-31","11","1-4","Hertha BSC Berlin-Borussia Mönchengladbach","0-5","28","2016-04-03"
"Bundesliga_1","2015-10-31","11","1-3","SV Werder Bremen-Borussia Dortmund","2-3","28","2016-04-02"
"Bundesliga_1","2015-11-01","11","2-0","VfB Stuttgart-SV Darmstadt 98","2-2","28","2016-04-02"
"Bundesliga_1","2015-10-31","11","2-1","VfL Wolfsburg-Bayer 04 Leverkusen","0-3","28","2016-04-01"
"Bundesliga_1","2015-11-07","12","2-0","1. FSV Mainz 05-VfL Wolfsburg","1-1","29","2016-04-09"
"Bundesliga_1","2015-11-07","12","1-2","Bayer 04 Leverkusen-1. FC Köln","2-0","29","2016-04-10"
"Bundesliga_1","2015-11-08","12","3-2","Borussia Dortmund-FC Schalke 04","2-2","29","2016-04-10"
"Bundesliga_1","2015-11-07","12","0-0","Borussia Mönchengladbach-FC Ingolstadt 04","0-1","29","2016-04-09"
"Bundesliga_1","2015-11-08","12","1-2","FC Augsburg-SV Werder Bremen","2-1","29","2016-04-09"
"Bundesliga_1","2015-11-07","12","4-0","FC Bayern Munich-VfB Stuttgart","3-1","29","2016-04-09"
"Bundesliga_1","2015-11-06","12","1-3","Hannover 96-Hertha BSC Berlin","2-2","29","2016-04-08"
"Bundesliga_1","2015-11-07","12","1-1","SV Darmstadt 98-Hamburger SV","2-1","29","2016-04-09"
"Bundesliga_1","2015-11-07","12","0-0","TSG 1899 Hoffenheim-Eintracht Frankfurt","2-0","29","2016-04-09"
"Bundesliga_1","2015-11-21","13","0-0","1. FC Köln-1. FSV Mainz 05","3-2","30","2016-04-17"
"Bundesliga_1","2015-11-21","13","2-1","Borussia Mönchengladbach-Hannover 96","0-2","30","2016-04-15"
"Bundesliga_1","2015-11-21","13","1-3","Eintracht Frankfurt-Bayer 04 Leverkusen","0-3","30","2016-04-16"
"Bundesliga_1","2015-11-22","13","3-1","FC Ingolstadt 04-SV Darmstadt 98","0-2","30","2016-04-16"
"Bundesliga_1","2015-11-21","13","1-3","FC Schalke 04-FC Bayern Munich","0-3","30","2016-04-16"
"Bundesliga_1","2015-11-20","13","3-1","Hamburger SV-Borussia Dortmund","0-3","30","2016-04-17"
"Bundesliga_1","2015-11-22","13","1-0","Hertha BSC Berlin-TSG 1899 Hoffenheim","1-2","30","2016-04-16"
"Bundesliga_1","2015-11-21","13","0-4","VfB Stuttgart-FC Augsburg","0-1","30","2016-04-16"
"Bundesliga_1","2015-11-21","13","6-0","VfL Wolfsburg-SV Werder Bremen","2-3","30","2016-04-16"
"Bundesliga_1","2015-11-28","14","2-1","1. FSV Mainz 05-Eintracht Frankfurt","1-2","31","2016-04-24"
"Bundesliga_1","2015-11-29","14","1-1","Bayer 04 Leverkusen-FC Schalke 04","3-2","31","2016-04-23"
"Bundesliga_1","2015-11-29","14","4-1","Borussia Dortmund-VfB Stuttgart","3-0","31","2016-04-23"
"Bundesliga_1","2015-11-29","14","0-0","FC Augsburg-VfL Wolfsburg","2-0","31","2016-04-23"
"Bundesliga_1","2015-11-28","14","2-0","FC Bayern Munich-Hertha BSC Berlin","2-0","31","2016-04-23"
"Bundesliga_1","2015-11-28","14","4-0","Hannover 96-FC Ingolstadt 04","2-2","31","2016-04-23"
"Bundesliga_1","2015-11-27","14","0-0","SV Darmstadt 98-1. FC Köln","1-4","31","2016-04-23"
"Bundesliga_1","2015-11-28","14","1-3","SV Werder Bremen-Hamburger SV","1-2","31","2016-04-22"
"Bundesliga_1","2015-11-28","14","3-3","TSG 1899 Hoffenheim-Borussia Mönchengladbach","1-3","31","2016-04-24"
"Bundesliga_1","2015-12-05","15","0-1","1. FC Köln-FC Augsburg","0-0","32","2016-04-29"
"Bundesliga_1","2015-12-05","15","3-1","Borussia Mönchengladbach-FC Bayern Munich","1-1","32","2016-04-30"
"Bundesliga_1","2015-12-06","15","0-1","Eintracht Frankfurt-SV Darmstadt 98","2-1","32","2016-04-30"
"Bundesliga_1","2015-12-05","15","1-1","FC Ingolstadt 04-TSG 1899 Hoffenheim","1-2","32","2016-04-30"
"Bundesliga_1","2015-12-04","15","3-1","FC Schalke 04-Hannover 96","3-1","32","2016-04-30"
"Bundesliga_1","2015-12-05","15","1-3","Hamburger SV-1. FSV Mainz 05","0-0","32","2016-04-30"
"Bundesliga_1","2015-12-05","15","2-1","Hertha BSC Berlin-Bayer 04 Leverkusen","1-2","32","2016-04-30"
"Bundesliga_1","2015-12-06","15","1-1","VfB Stuttgart-SV Werder Bremen","2-6","32","2016-05-02"
"Bundesliga_1","2015-12-05","15","1-2","VfL Wolfsburg-Borussia Dortmund","1-5","32","2016-04-30"
"Bundesliga_1","2015-12-11","16","0-0","1. FSV Mainz 05-VfB Stuttgart","3-1","33","2016-05-07"
"Bundesliga_1","2015-12-12","16","5-0","Bayer 04 Leverkusen-Borussia Mönchengladbach","1-2","33","2016-05-07"
"Bundesliga_1","2015-12-13","16","4-1","Borussia Dortmund-Eintracht Frankfurt","0-1","33","2016-05-07"
"Bundesliga_1","2015-12-13","16","2-1","FC Augsburg-FC Schalke 04","1-1","33","2016-05-07"
"Bundesliga_1","2015-12-12","16","2-0","FC Bayern Munich-FC Ingolstadt 04","2-1","33","2016-05-07"
"Bundesliga_1","2015-12-12","16","0-4","SV Darmstadt 98-Hertha BSC Berlin","2-1","33","2016-05-07"
"Bundesliga_1","2015-12-12","16","1-1","SV Werder Bremen-1. FC Köln","0-0","33","2016-05-07"
"Bundesliga_1","2015-12-12","16","1-0","TSG 1899 Hoffenheim-Hannover 96","0-1","33","2016-05-07"
"Bundesliga_1","2015-12-12","16","1-1","VfL Wolfsburg-Hamburger SV","1-0","33","2016-05-07"
"Bundesliga_1","2015-12-19","17","2-1","1. FC Köln-Borussia Dortmund","2-2","34","2016-05-14"
"Bundesliga_1","2015-12-20","17","3-2","Borussia Mönchengladbach-SV Darmstadt 98","2-0","34","2016-05-14"
"Bundesliga_1","2015-12-19","17","2-1","Eintracht Frankfurt-SV Werder Bremen","0-1","34","2016-05-14"
"Bundesliga_1","2015-12-19","17","0-1","FC Ingolstadt 04-Bayer 04 Leverkusen","2-3","34","2016-05-14"
"Bundesliga_1","2015-12-18","17","1-0","FC Schalke 04-TSG 1899 Hoffenheim","4-1","34","2016-05-14"
"Bundesliga_1","2015-12-19","17","0-1","Hamburger SV-FC Augsburg","3-1","34","2016-05-14"
"Bundesliga_1","2015-12-19","17","0-1","Hannover 96-FC Bayern Munich","1-3","34","2016-05-14"
"Bundesliga_1","2015-12-20","17","2-0","Hertha BSC Berlin-1. FSV Mainz 05","0-0","34","2016-05-14"
"Bundesliga_1","2015-12-19","17","3-1","VfB Stuttgart-VfL Wolfsburg","1-3","34","2016-05-14"
"Eredivisie","2015-08-11","1","2-2","ADO Den Haag-PSV","0-2","25","2016-02-27"
"Eredivisie","2015-08-09","1","0-3","AZ-Ajax","1-4","25","2016-02-28"
"Eredivisie","2015-08-12","1","1-1","FC Groningen-FC Twente","0-2","25","2016-02-27"
"Eredivisie","2015-08-08","1","3-2","Feyenoord-FC Utrecht","2-1","25","2016-02-28"
"Eredivisie","2015-08-12","1","1-0","N.E.C.-Excelsior","0-2","25","2016-02-26"
"Eredivisie","2015-08-12","1","2-2","PEC Zwolle-SC Cambuur","0-1","25","2016-02-27"
"Eredivisie","2015-08-08","1","3-1","Roda JC Kerkrade-Heracles Almelo","5-0","25","2016-02-28"
"Eredivisie","2015-08-11","1","3-1","SC Heerenveen-De Graafschap","1-0","25","2016-02-28"
"Eredivisie","2015-08-09","1","1-1","Willem II-Vitesse","1-0","25","2016-02-27"
"Eredivisie","2015-08-15","2","3-0","Ajax-Willem II","4-0","26","2016-03-06"
"Eredivisie","2015-08-15","2","0-3","De Graafschap-PEC Zwolle","1-2","26","2016-03-05"
"Eredivisie","2015-08-15","2","2-2","Excelsior-AZ","0-2","26","2016-03-06"
"Eredivisie","2015-08-15","2","1-4","FC Twente-ADO Den Haag","1-2","26","2016-03-04"
"Eredivisie","2015-08-16","2","1-1","FC Utrecht-SC Heerenveen","4-0","26","2016-03-05"
"Eredivisie","2015-08-16","2","3-0","Heracles Almelo-N.E.C.","0-1","26","2016-03-06"
"Eredivisie","2015-08-16","2","2-0","PSV-FC Groningen","3-0","26","2016-03-05"
"Eredivisie","2015-08-16","2","0-2","SC Cambuur-Feyenoord","1-3","26","2016-03-06"
"Eredivisie","2015-08-14","2","3-0","Vitesse-Roda JC Kerkrade","2-1","26","2016-03-06"
"Eredivisie","2015-08-23","3","1-1","ADO Den Haag-FC Utrecht","2-2","27","2016-03-13"
"Eredivisie","2015-08-23","3","0-0","AZ-Willem II","2-0","27","2016-03-12"
"Eredivisie","2015-08-21","3","2-0","FC Groningen-Excelsior","1-2","27","2016-03-12"
"Eredivisie","2015-08-23","3","2-0","Feyenoord-Vitesse","2-0","27","2016-03-13"
"Eredivisie","2015-08-23","3","0-2","N.E.C.-Ajax","2-2","27","2016-03-13"
"Eredivisie","2015-08-23","3","2-1","PEC Zwolle-FC Twente","1-2","27","2016-03-12"
"Eredivisie","2015-08-22","3","1-0","Roda JC Kerkrade-De Graafschap","0-3","27","2016-03-11"
"Eredivisie","2015-08-22","3","1-6","SC Cambuur-Heracles Almelo","1-3","27","2016-03-13"
"Eredivisie","2015-08-22","3","1-1","SC Heerenveen-PSV","1-1","27","2016-03-12"
"Eredivisie","2015-08-30","4","4-0","Ajax-ADO Den Haag","1-0","18","2016-01-17"
"Eredivisie","2015-08-30","4","0-1","AZ-Roda JC Kerkrade","1-0","18","2016-01-16"
"Eredivisie","2015-08-29","4","3-0","Excelsior-De Graafschap","0-2","18","2016-01-16"
"Eredivisie","2015-08-29","4","2-0","FC Utrecht-FC Groningen","4-1","18","2016-01-17"
"Eredivisie","2015-08-29","4","2-0","Heracles Almelo-FC Twente","0-4","18","2016-01-15"
"Eredivisie","2015-08-30","4","3-1","PSV-Feyenoord","2-0","18","2016-01-17"
"Eredivisie","2015-08-29","4","1-1","SC Heerenveen-PEC Zwolle","2-5","18","2016-01-16"
"Eredivisie","2015-08-30","4","4-1","Vitesse-SC Cambuur","2-0","18","2016-01-16"
"Eredivisie","2015-08-28","4","0-1","Willem II-N.E.C.","0-1","18","2016-01-17"
"Eredivisie","2015-09-13","5","0-1","ADO Den Haag-Heracles Almelo","1-1","33","2016-05-01"
"Eredivisie","2015-09-12","5","1-3","De Graafschap-AZ","1-4","33","2016-05-01"
"Eredivisie","2015-09-13","5","3-1","FC Groningen-SC Heerenveen","2-1","33","2016-05-01"
"Eredivisie","2015-09-12","5","2-2","FC Twente-Ajax","0-4","33","2016-05-01"
"Eredivisie","2015-09-13","5","2-1","FC Utrecht-Vitesse","3-1","33","2016-05-01"
"Eredivisie","2015-09-13","5","1-0","Feyenoord-Willem II","1-0","33","2016-05-01"
"Eredivisie","2015-09-12","5","3-0","PEC Zwolle-Excelsior","2-2","33","2016-05-01"
"Eredivisie","2015-09-12","5","0-0","Roda JC Kerkrade-N.E.C.","2-1","33","2016-05-01"
"Eredivisie","2015-09-12","5","0-6","SC Cambuur-PSV","2-6","33","2016-05-01"
"Eredivisie","2015-09-20","6","0-2","Excelsior-Ajax","0-3","24","2016-02-21"
"Eredivisie","2015-09-20","6","2-0","FC Groningen-AZ","1-4","24","2016-02-20"
"Eredivisie","2015-09-19","6","2-1","Heracles Almelo-PSV","0-2","24","2016-02-20"
"Eredivisie","2015-09-18","6","2-0","N.E.C.-SC Heerenveen","1-1","24","2016-02-20"
"Eredivisie","2015-09-19","6","2-1","PEC Zwolle-ADO Den Haag","2-0","24","2016-02-19"
"Eredivisie","2015-09-20","6","1-1","Roda JC Kerkrade-Feyenoord","1-1","24","2016-02-21"
"Eredivisie","2015-09-19","6","0-0","SC Cambuur-FC Twente","0-3","24","2016-02-20"
"Eredivisie","2015-09-20","6","3-0","Vitesse-De Graafschap","2-2","24","2016-02-21"
"Eredivisie","2015-09-19","6","3-1","Willem II-FC Utrecht","1-2","24","2016-02-21"
"Eredivisie","2015-09-27","7","3-3","ADO Den Haag-Excelsior","4-2","23","2016-02-14"
"Eredivisie","2015-09-26","7","2-0","Ajax-FC Groningen","2-1","23","2016-02-14"
"Eredivisie","2015-09-26","7","3-1","AZ-Heracles Almelo","6-3","23","2016-02-13"
"Eredivisie","2015-09-27","7","2-2","De Graafschap-Willem II","0-0","23","2016-02-13"
"Eredivisie","2015-09-27","7","2-1","FC Twente-Roda JC Kerkrade","1-0","23","2016-02-13"
"Eredivisie","2015-09-26","7","3-3","FC Utrecht-SC Cambuur","2-0","23","2016-02-12"
"Eredivisie","2015-09-27","7","2-0","Feyenoord-PEC Zwolle","1-3","23","2016-02-14"
"Eredivisie","2015-09-26","7","2-1","PSV-N.E.C.","3-0","23","2016-02-14"
"Eredivisie","2015-09-26","7","0-0","SC Heerenveen-Vitesse","0-3","23","2016-02-13"
"Eredivisie","2015-10-04","8","1-2","Ajax-PSV","2-0","28","2016-03-20"
"Eredivisie","2015-10-04","8","3-1","AZ-FC Twente","2-2","28","2016-03-20"
"Eredivisie","2015-10-04","8","1-2","De Graafschap-Feyenoord","1-3","28","2016-03-19"
"Eredivisie","2015-10-03","8","1-0","Excelsior-FC Utrecht","1-2","28","2016-03-18"
"Eredivisie","2015-10-02","8","2-0","Heracles Almelo-SC Heerenveen","1-0","28","2016-03-19"
"Eredivisie","2015-10-03","8","4-1","N.E.C.-ADO Den Haag","0-1","28","2016-03-20"
"Eredivisie","2015-10-03","8","1-1","Roda JC Kerkrade-SC Cambuur","1-0","28","2016-03-19"
"Eredivisie","2015-10-04","8","5-0","Vitesse-FC Groningen","3-0","28","2016-03-20"
"Eredivisie","2015-10-03","8","0-1","Willem II-PEC Zwolle","1-4","28","2016-03-19"
"Eredivisie","2015-10-18","9","1-1","ADO Den Haag-De Graafschap","1-3","20","2016-01-27"
"Eredivisie","2015-10-17","9","2-1","FC Groningen-Willem II","1-1","20","2016-01-26"
"Eredivisie","2015-10-18","9","1-0","FC Twente-N.E.C.","0-2","20","2016-01-27"
"Eredivisie","2015-10-17","9","1-1","FC Utrecht-Roda JC Kerkrade","0-1","20","2016-01-28"
"Eredivisie","2015-10-17","9","0-2","Heracles Almelo-Ajax","0-0","20","2016-01-26"
"Eredivisie","2015-10-18","9","1-5","PEC Zwolle-Vitesse","1-1","20","2016-01-27"
"Eredivisie","2015-10-17","9","1-1","PSV-Excelsior","3-1","20","2016-01-27"
"Eredivisie","2015-10-17","9","1-1","SC Cambuur-AZ","1-3","20","2016-01-27"
"Eredivisie","2015-10-18","9","2-5","SC Heerenveen-Feyenoord","2-1","20","2016-01-28"
"Eredivisie","2015-10-24","10","0-1","De Graafschap-Heracles Almelo","1-2","19","2016-01-23"
"Eredivisie","2015-10-24","10","1-3","FC Twente-PSV","2-4","19","2016-01-24"
"Eredivisie","2015-10-25","10","3-1","Feyenoord-AZ","2-4","19","2016-01-24"
"Eredivisie","2015-10-25","10","1-1","N.E.C.-FC Groningen","0-0","19","2016-01-22"
"Eredivisie","2015-10-23","10","1-2","PEC Zwolle-FC Utrecht","0-1","19","2016-01-24"
"Eredivisie","2015-10-24","10","1-2","Roda JC Kerkrade-Excelsior","1-0","19","2016-01-23"
"Eredivisie","2015-10-25","10","1-1","SC Cambuur-ADO Den Haag","1-2","19","2016-01-24"
"Eredivisie","2015-10-25","10","1-3","Vitesse-Ajax","0-1","19","2016-01-23"
"Eredivisie","2015-10-24","10","2-2","Willem II-SC Heerenveen","1-3","19","2016-01-23"
"Eredivisie","2015-11-01","11","1-0","ADO Den Haag-Feyenoord","2-0","21","2016-01-31"
"Eredivisie","2015-10-31","11","6-0","Ajax-Roda JC Kerkrade","2-2","21","2016-01-31"
"Eredivisie","2015-11-01","11","2-4","AZ-N.E.C.","3-0","21","2016-01-30"
"Eredivisie","2015-10-31","11","3-6","De Graafschap-PSV","2-4","21","2016-01-30"
"Eredivisie","2015-10-31","11","0-3","Excelsior-Vitesse","0-0","21","2016-01-30"
"Eredivisie","2015-10-31","11","2-0","FC Groningen-PEC Zwolle","3-1","21","2016-01-30"
"Eredivisie","2015-11-01","11","4-2","FC Utrecht-FC Twente","1-3","21","2016-01-31"
"Eredivisie","2015-10-30","11","2-1","Heracles Almelo-Willem II","0-0","21","2016-01-29"
"Eredivisie","2015-11-01","11","2-0","SC Heerenveen-SC Cambuur","1-0","21","2016-01-31"
"Eredivisie","2015-11-07","12","1-4","FC Twente-SC Heerenveen","3-1","22","2016-02-06"
"Eredivisie","2015-11-08","12","1-1","Feyenoord-Ajax","1-2","22","2016-02-07"
"Eredivisie","2015-11-07","12","2-0","N.E.C.-De Graafschap","1-1","22","2016-02-07"
"Eredivisie","2015-11-07","12","1-1","PEC Zwolle-Heracles Almelo","0-2","22","2016-02-06"
"Eredivisie","2015-11-08","12","3-1","PSV-FC Utrecht","2-0","22","2016-02-07"
"Eredivisie","2015-11-06","12","1-1","Roda JC Kerkrade-ADO Den Haag","2-2","22","2016-02-06"
"Eredivisie","2015-11-08","12","2-2","SC Cambuur-FC Groningen","0-2","22","2016-02-07"
"Eredivisie","2015-11-08","12","0-2","Vitesse-AZ","0-1","22","2016-02-06"
"Eredivisie","2015-11-07","12","2-3","Willem II-Excelsior","0-0","22","2016-02-05"
"Eredivisie","2015-11-22","13","2-2","ADO Den Haag-Vitesse","2-2","30","2016-04-09"
"Eredivisie","2015-11-21","13","5-1","Ajax-SC Cambuur","1-0","30","2016-04-09"
"Eredivisie","2015-11-21","13","3-1","AZ-SC Heerenveen","2-4","30","2016-04-10"
"Eredivisie","2015-11-21","13","1-2","De Graafschap-FC Groningen","1-3","30","2016-04-10"
"Eredivisie","2015-11-22","13","5-0","Feyenoord-FC Twente","1-0","30","2016-04-10"
"Eredivisie","2015-11-22","13","0-0","Heracles Almelo-Excelsior","3-1","30","2016-04-09"
"Eredivisie","2015-11-22","13","1-0","N.E.C.-FC Utrecht","1-3","30","2016-04-10"
"Eredivisie","2015-11-21","13","0-5","Roda JC Kerkrade-PEC Zwolle","1-3","30","2016-04-08"
"Eredivisie","2015-11-21","13","2-2","Willem II-PSV","0-2","30","2016-04-09"
"Eredivisie","2015-11-28","14","2-4","Excelsior-Feyenoord","0-3","29","2016-04-02"
"Eredivisie","2015-11-29","14","2-1","FC Groningen-ADO Den Haag","1-0","29","2016-04-03"
"Eredivisie","2015-11-28","14","1-3","FC Twente-Willem II","3-2","29","2016-04-02"
"Eredivisie","2015-11-29","14","4-2","FC Utrecht-Heracles Almelo","1-1","29","2016-04-02"
"Eredivisie","2015-11-29","14","0-2","PEC Zwolle-Ajax","0-3","29","2016-04-03"
"Eredivisie","2015-11-29","14","3-0","PSV-AZ","4-2","29","2016-04-02"
"Eredivisie","2015-11-27","14","2-3","SC Cambuur-De Graafschap","2-2","29","2016-04-02"
"Eredivisie","2015-11-28","14","3-0","SC Heerenveen-Roda JC Kerkrade","2-1","29","2016-04-03"
"Eredivisie","2015-11-29","14","1-0","Vitesse-N.E.C.","1-2","29","2016-04-03"
"Eredivisie","2015-12-05","15","5-2","Ajax-SC Heerenveen","2-0","32","2016-04-20"
"Eredivisie","2015-12-04","15","0-1","AZ-ADO Den Haag","2-1","32","2016-04-21"
"Eredivisie","2015-12-05","15","0-1","De Graafschap-FC Utrecht","2-0","32","2016-04-20"
"Eredivisie","2015-12-05","15","1-1","Excelsior-FC Twente","0-2","32","2016-04-20"
"Eredivisie","2015-12-06","15","3-0","Feyenoord-Heracles Almelo","2-2","32","2016-04-20"
"Eredivisie","2015-12-06","15","2-2","N.E.C.-PEC Zwolle","0-2","32","2016-04-20"
"Eredivisie","2015-12-06","15","0-0","Roda JC Kerkrade-FC Groningen","0-1","32","2016-04-19"
"Eredivisie","2015-12-05","15","0-1","Vitesse-PSV","0-2","32","2016-04-19"
"Eredivisie","2015-12-06","15","3-0","Willem II-SC Cambuur","1-1","32","2016-04-21"
"Eredivisie","2015-12-12","16","1-1","ADO Den Haag-Willem II","2-0","31","2016-04-17"
"Eredivisie","2015-12-13","16","1-1","FC Groningen-Feyenoord","1-1","31","2016-04-16"
"Eredivisie","2015-12-12","16","2-1","FC Twente-De Graafschap","1-1","31","2016-04-15"
"Eredivisie","2015-12-13","16","1-0","FC Utrecht-Ajax","2-2","31","2016-04-17"
"Eredivisie","2015-12-13","16","1-1","Heracles Almelo-Vitesse","1-1","31","2016-04-16"
"Eredivisie","2015-12-13","16","2-1","PEC Zwolle-AZ","1-5","31","2016-04-16"
"Eredivisie","2015-12-12","16","1-1","PSV-Roda JC Kerkrade","3-0","31","2016-04-16"
"Eredivisie","2015-12-12","16","3-1","SC Cambuur-N.E.C.","1-2","31","2016-04-17"
"Eredivisie","2015-12-11","16","2-1","SC Heerenveen-Excelsior","1-1","31","2016-04-17"
"Eredivisie","2015-12-20","17","2-1","Ajax-De Graafschap","1-1","34","2016-05-08"
"Eredivisie","2015-12-19","17","2-2","AZ-FC Utrecht","3-1","34","2016-05-08"
"Eredivisie","2015-12-20","17","1-4","Excelsior-SC Cambuur","2-0","34","2016-05-08"
"Eredivisie","2015-12-19","17","2-1","Heracles Almelo-FC Groningen","1-2","34","2016-05-08"
"Eredivisie","2015-12-20","17","3-1","N.E.C.-Feyenoord","0-1","34","2016-05-08"
"Eredivisie","2015-12-19","17","3-2","PSV-PEC Zwolle","3-1","34","2016-05-08"
"Eredivisie","2015-12-20","17","0-4","SC Heerenveen-ADO Den Haag","1-1","34","2016-05-08"
"Eredivisie","2015-12-18","17","5-1","Vitesse-FC Twente","2-2","34","2016-05-08"
"Eredivisie","2015-12-20","17","3-2","Willem II-Roda JC Kerkrade","3-2","34","2016-05-08"
"Liga_BBVA","2015-08-23","1","0-1","Athletic Bilbao-FC Barcelona","0-6","20","2016-01-17"
"Liga_BBVA","2015-08-22","1","1-0","Atlético Madrid-UD Las Palmas","3-0","20","2016-01-17"
"Liga_BBVA","2015-08-24","1","1-3","Granada CF-SD Eibar","1-5","20","2016-01-18"
"Liga_BBVA","2015-08-23","1","1-2","Levante UD-RC Celta de Vigo","3-4","20","2016-01-16"
"Liga_BBVA","2015-08-21","1","0-0","Málaga CF-Sevilla FC","1-2","20","2016-01-16"
"Liga_BBVA","2015-08-22","1","0-0","Rayo Vallecano-Valencia CF","2-2","20","2016-01-17"
"Liga_BBVA","2015-08-22","1","0-0","RC Deportivo de La Coruña-Real Sociedad","1-1","20","2016-01-16"
"Liga_BBVA","2015-08-22","1","1-0","RCD Espanyol-Getafe CF","1-3","20","2016-01-17"
"Liga_BBVA","2015-08-23","1","1-1","Real Betis Balompié-Villarreal CF","0-0","20","2016-01-16"
"Liga_BBVA","2015-08-23","1","0-0","Real Sporting de Gijón-Real Madrid","1-5","20","2016-01-17"
"Liga_BBVA","2015-08-29","2","1-0","FC Barcelona-Málaga CF","2-1","21","2016-01-23"
"Liga_BBVA","2015-08-30","2","1-2","Getafe CF-Granada CF","2-3","21","2016-01-23"
"Liga_BBVA","2015-08-29","2","3-0","RC Celta de Vigo-Rayo Vallecano","0-3","21","2016-01-23"
"Liga_BBVA","2015-08-29","2","5-0","Real Madrid-Real Betis Balompié","1-1","21","2016-01-24"
"Liga_BBVA","2015-08-29","2","0-0","Real Sociedad-Real Sporting de Gijón","1-5","21","2016-01-22"
"Liga_BBVA","2015-08-30","2","2-0","SD Eibar-Athletic Bilbao","2-5","21","2016-01-24"
"Liga_BBVA","2015-08-30","2","0-3","Sevilla FC-Atlético Madrid","0-0","21","2016-01-24"
"Liga_BBVA","2015-08-30","2","0-0","UD Las Palmas-Levante UD","2-3","21","2016-01-25"
"Liga_BBVA","2015-08-30","2","1-1","Valencia CF-RC Deportivo de La Coruña","1-1","21","2016-01-24"
"Liga_BBVA","2015-08-28","2","3-1","Villarreal CF-RCD Espanyol","2-2","21","2016-01-23"
"Liga_BBVA","2015-09-13","3","3-1","Athletic Bilbao-Getafe CF","1-0","22","2016-01-30"
"Liga_BBVA","2015-09-12","3","1-2","Atlético Madrid-FC Barcelona","1-2","22","2016-01-30"
"Liga_BBVA","2015-09-13","3","1-3","Granada CF-Villarreal CF","0-1","22","2016-01-30"
"Liga_BBVA","2015-09-11","3","1-1","Levante UD-Sevilla FC","1-3","22","2016-01-31"
"Liga_BBVA","2015-09-13","3","0-0","Málaga CF-SD Eibar","2-1","22","2016-01-30"
"Liga_BBVA","2015-09-14","3","1-3","Rayo Vallecano-RC Deportivo de La Coruña","2-2","22","2016-02-01"
"Liga_BBVA","2015-09-13","3","3-3","RC Celta de Vigo-UD Las Palmas","1-2","22","2016-01-31"
"Liga_BBVA","2015-09-12","3","0-6","RCD Espanyol-Real Madrid","0-6","22","2016-01-31"
"Liga_BBVA","2015-09-12","3","1-0","Real Betis Balompié-Real Sociedad","1-2","22","2016-01-30"
"Liga_BBVA","2015-09-12","3","0-1","Real Sporting de Gijón-Valencia CF","1-0","22","2016-01-31"
"Liga_BBVA","2015-09-20","4","4-1","FC Barcelona-Levante UD","2-0","23","2016-02-07"
"Liga_BBVA","2015-09-18","4","1-0","Getafe CF-Málaga CF","0-3","23","2016-02-05"
"Liga_BBVA","2015-09-20","4","2-3","RC Deportivo de La Coruña-Real Sporting de Gijón","1-1","23","2016-02-06"
"Liga_BBVA","2015-09-19","4","1-0","Real Madrid-Granada CF","2-1","23","2016-02-07"
"Liga_BBVA","2015-09-19","4","2-3","Real Sociedad-RCD Espanyol","5-0","23","2016-02-08"
"Liga_BBVA","2015-09-19","4","0-2","SD Eibar-Atlético Madrid","1-3","23","2016-02-06"
"Liga_BBVA","2015-09-20","4","1-2","Sevilla FC-RC Celta de Vigo","1-1","23","2016-02-07"
"Liga_BBVA","2015-09-20","4","0-1","UD Las Palmas-Rayo Vallecano","0-2","23","2016-02-06"
"Liga_BBVA","2015-09-19","4","0-0","Valencia CF-Real Betis Balompié","0-1","23","2016-02-07"
"Liga_BBVA","2015-09-20","4","3-1","Villarreal CF-Athletic Bilbao","0-0","23","2016-02-06"
"Liga_BBVA","2015-09-23","5","1-2","Athletic Bilbao-Real Madrid","2-4","24","2016-02-13"
"Liga_BBVA","2015-09-22","5","2-0","Atlético Madrid-Getafe CF","1-0","24","2016-02-14"
"Liga_BBVA","2015-09-22","5","0-3","Granada CF-Real Sociedad","0-3","24","2016-02-14"
"Liga_BBVA","2015-09-23","5","2-2","Levante UD-SD Eibar","0-2","24","2016-02-14"
"Liga_BBVA","2015-09-23","5","0-1","Málaga CF-Villarreal CF","0-1","24","2016-02-13"
"Liga_BBVA","2015-09-23","5","2-1","Rayo Vallecano-Real Sporting de Gijón","2-2","24","2016-02-12"
"Liga_BBVA","2015-09-23","5","4-1","RC Celta de Vigo-FC Barcelona","1-6","24","2016-02-14"
"Liga_BBVA","2015-09-22","5","1-0","RCD Espanyol-Valencia CF","1-2","24","2016-02-13"
"Liga_BBVA","2015-09-24","5","1-2","Real Betis Balompié-RC Deportivo de La Coruña","2-2","24","2016-02-13"
"Liga_BBVA","2015-09-23","5","2-0","UD Las Palmas-Sevilla FC","0-2","24","2016-02-14"
"Liga_BBVA","2015-09-26","6","2-1","FC Barcelona-UD Las Palmas","2-1","25","2016-02-20"
"Liga_BBVA","2015-09-27","6","3-0","Getafe CF-Levante UD","0-3","25","2016-02-19"
"Liga_BBVA","2015-09-27","6","3-0","RC Deportivo de La Coruña-RCD Espanyol","0-1","25","2016-02-20"
"Liga_BBVA","2015-09-26","6","0-0","Real Madrid-Málaga CF","1-1","25","2016-02-21"
"Liga_BBVA","2015-09-27","6","0-0","Real Sociedad-Athletic Bilbao","1-0","25","2016-02-21"
"Liga_BBVA","2015-09-27","6","1-2","Real Sporting de Gijón-Real Betis Balompié","1-1","25","2016-02-20"
"Liga_BBVA","2015-09-26","6","1-1","SD Eibar-RC Celta de Vigo","2-3","25","2016-02-20"
"Liga_BBVA","2015-09-26","6","3-2","Sevilla FC-Rayo Vallecano","2-2","25","2016-02-21"
"Liga_BBVA","2015-09-25","6","1-0","Valencia CF-Granada CF","2-1","25","2016-02-21"
"Liga_BBVA","2015-09-26","6","1-0","Villarreal CF-Atlético Madrid","0-0","25","2016-02-21"
"Liga_BBVA","2015-10-04","7","3-1","Athletic Bilbao-Valencia CF","3-0","26","2016-02-28"
"Liga_BBVA","2015-10-04","7","1-1","Atlético Madrid-Real Madrid","1-0","26","2016-02-27"
"Liga_BBVA","2015-10-03","7","1-1","Granada CF-RC Deportivo de La Coruña","1-0","26","2016-02-28"
"Liga_BBVA","2015-10-04","7","1-0","Levante UD-Villarreal CF","0-3","26","2016-02-28"
"Liga_BBVA","2015-10-03","7","3-1","Málaga CF-Real Sociedad","1-1","26","2016-02-27"
"Liga_BBVA","2015-10-04","7","0-2","Rayo Vallecano-Real Betis Balompié","2-2","26","2016-02-27"
"Liga_BBVA","2015-10-02","7","0-0","RC Celta de Vigo-Getafe CF","1-0","26","2016-02-27"
"Liga_BBVA","2015-10-03","7","1-2","RCD Espanyol-Real Sporting de Gijón","4-2","26","2016-02-27"
"Liga_BBVA","2015-10-03","7","2-1","Sevilla FC-FC Barcelona","1-2","26","2016-02-28"
"Liga_BBVA","2015-10-03","7","0-2","UD Las Palmas-SD Eibar","1-0","26","2016-02-26"
"Liga_BBVA","2015-10-17","8","5-2","FC Barcelona-Rayo Vallecano","5-1","27","2016-03-03"
"Liga_BBVA","2015-10-18","8","4-0","Getafe CF-UD Las Palmas","0-4","27","2016-03-01"
"Liga_BBVA","2015-10-18","8","2-2","RC Deportivo de La Coruña-Athletic Bilbao","1-4","27","2016-03-02"
"Liga_BBVA","2015-10-17","8","1-3","Real Betis Balompié-RCD Espanyol","3-0","27","2016-03-03"
"Liga_BBVA","2015-10-17","8","3-0","Real Madrid-Levante UD","3-1","27","2016-03-02"
"Liga_BBVA","2015-10-18","8","0-2","Real Sociedad-Atlético Madrid","0-3","27","2016-03-01"
"Liga_BBVA","2015-10-19","8","3-3","Real Sporting de Gijón-Granada CF","0-2","27","2016-03-03"
"Liga_BBVA","2015-10-17","8","1-1","SD Eibar-Sevilla FC","0-1","27","2016-03-02"
"Liga_BBVA","2015-10-17","8","3-0","Valencia CF-Málaga CF","2-1","27","2016-03-02"
"Liga_BBVA","2015-10-18","8","1-2","Villarreal CF-RC Celta de Vigo","0-0","27","2016-03-02"
"Liga_BBVA","2015-10-26","9","3-0","Athletic Bilbao-Real Sporting de Gijón","2-0","28","2016-03-06"
"Liga_BBVA","2015-10-25","9","2-1","Atlético Madrid-Valencia CF","3-1","28","2016-03-06"
"Liga_BBVA","2015-10-25","9","3-1","FC Barcelona-SD Eibar","4-0","28","2016-03-06"
"Liga_BBVA","2015-10-24","9","1-1","Granada CF-Real Betis Balompié","0-2","28","2016-03-06"
"Liga_BBVA","2015-10-25","9","0-4","Levante UD-Real Sociedad","1-1","28","2016-03-06"
"Liga_BBVA","2015-10-24","9","2-0","Málaga CF-RC Deportivo de La Coruña","3-3","28","2016-03-05"
"Liga_BBVA","2015-10-23","9","3-0","Rayo Vallecano-RCD Espanyol","1-2","28","2016-03-07"
"Liga_BBVA","2015-10-24","9","1-3","RC Celta de Vigo-Real Madrid","1-7","28","2016-03-05"
"Liga_BBVA","2015-10-24","9","5-0","Sevilla FC-Getafe CF","1-1","28","2016-03-05"
"Liga_BBVA","2015-10-25","9","0-0","UD Las Palmas-Villarreal CF","1-0","28","2016-03-05"
"Liga_BBVA","2015-10-31","10","0-2","Getafe CF-FC Barcelona","0-6","29","2016-03-12"
"Liga_BBVA","2015-10-30","10","1-1","RC Deportivo de La Coruña-Atlético Madrid","0-3","29","2016-03-12"
"Liga_BBVA","2015-11-01","10","1-1","RCD Espanyol-Granada CF","1-1","29","2016-03-14"
"Liga_BBVA","2015-11-01","10","1-3","Real Betis Balompié-Athletic Bilbao","1-3","29","2016-03-13"
"Liga_BBVA","2015-10-31","10","3-1","Real Madrid-UD Las Palmas","2-1","29","2016-03-13"
"Liga_BBVA","2015-10-31","10","2-3","Real Sociedad-RC Celta de Vigo","0-1","29","2016-03-12"
"Liga_BBVA","2015-11-01","10","1-0","Real Sporting de Gijón-Málaga CF","0-1","29","2016-03-11"
"Liga_BBVA","2015-11-01","10","1-0","SD Eibar-Rayo Vallecano","1-1","29","2016-03-12"
"Liga_BBVA","2015-10-31","10","3-0","Valencia CF-Levante UD","0-1","29","2016-03-13"
"Liga_BBVA","2015-10-31","10","2-1","Villarreal CF-Sevilla FC","2-4","29","2016-03-13"
"Liga_BBVA","2015-11-08","11","2-1","Athletic Bilbao-RCD Espanyol","1-2","30","2016-03-20"
"Liga_BBVA","2015-11-08","11","1-0","Atlético Madrid-Real Sporting de Gijón","1-2","30","2016-03-19"
"Liga_BBVA","2015-11-08","11","3-0","FC Barcelona-Villarreal CF","2-2","30","2016-03-20"
"Liga_BBVA","2015-11-07","11","1-1","Levante UD-RC Deportivo de La Coruña","1-2","30","2016-03-19"
"Liga_BBVA","2015-11-07","11","0-1","Málaga CF-Real Betis Balompié","1-0","30","2016-03-19"
"Liga_BBVA","2015-11-07","11","2-1","Rayo Vallecano-Granada CF","2-2","30","2016-03-19"
"Liga_BBVA","2015-11-07","11","1-5","RC Celta de Vigo-Valencia CF","2-0","30","2016-03-20"
"Liga_BBVA","2015-11-07","11","3-1","SD Eibar-Getafe CF","1-1","30","2016-03-18"
"Liga_BBVA","2015-11-08","11","3-2","Sevilla FC-Real Madrid","0-4","30","2016-03-20"
"Liga_BBVA","2015-11-06","11","2-0","UD Las Palmas-Real Sociedad","1-0","30","2016-03-19"
"Liga_BBVA","2015-11-23","12","1-1","Getafe CF-Rayo Vallecano","0-2","31","2016-04-01"
"Liga_BBVA","2015-11-22","12","2-0","Granada CF-Athletic Bilbao","1-1","31","2016-04-03"
"Liga_BBVA","2015-11-21","12","2-0","RC Deportivo de La Coruña-RC Celta de Vigo","1-1","31","2016-04-02"
"Liga_BBVA","2015-11-21","12","2-0","RCD Espanyol-Málaga CF","1-1","31","2016-04-03"
"Liga_BBVA","2015-11-22","12","0-1","Real Betis Balompié-Atlético Madrid","1-5","31","2016-04-02"
"Liga_BBVA","2015-11-21","12","0-4","Real Madrid-FC Barcelona","2-1","31","2016-04-02"
"Liga_BBVA","2015-11-21","12","2-0","Real Sociedad-Sevilla FC","2-1","31","2016-04-03"
"Liga_BBVA","2015-11-22","12","0-3","Real Sporting de Gijón-Levante UD","0-0","31","2016-04-04"
"Liga_BBVA","2015-11-21","12","1-1","Valencia CF-UD Las Palmas","1-2","31","2016-04-02"
"Liga_BBVA","2015-11-22","12","1-1","Villarreal CF-SD Eibar","2-1","31","2016-04-03"
"Liga_BBVA","2015-11-28","13","1-0","Atlético Madrid-RCD Espanyol","3-1","32","2016-04-09"
"Liga_BBVA","2015-11-28","13","4-0","FC Barcelona-Real Sociedad","0-1","32","2016-04-09"
"Liga_BBVA","2015-11-29","13","2-0","Getafe CF-Villarreal CF","0-2","32","2016-04-10"
"Liga_BBVA","2015-11-27","13","0-1","Levante UD-Real Betis Balompié","0-1","32","2016-04-09"
"Liga_BBVA","2015-11-28","13","2-2","Málaga CF-Granada CF","0-0","32","2016-04-08"
"Liga_BBVA","2015-11-29","13","0-3","Rayo Vallecano-Athletic Bilbao","0-1","32","2016-04-10"
"Liga_BBVA","2015-11-28","13","2-1","RC Celta de Vigo-Real Sporting de Gijón","1-0","32","2016-04-10"
"Liga_BBVA","2015-11-29","13","0-2","SD Eibar-Real Madrid","0-4","32","2016-04-09"
"Liga_BBVA","2015-11-29","13","1-0","Sevilla FC-Valencia CF","1-2","32","2016-04-10"
"Liga_BBVA","2015-11-28","13","0-2","UD Las Palmas-RC Deportivo de La Coruña","3-1","32","2016-04-11"
"Liga_BBVA","2015-12-06","14","0-0","Athletic Bilbao-Málaga CF","1-0","33","2016-04-17"
"Liga_BBVA","2015-12-05","14","0-2","Granada CF-Atlético Madrid","0-3","33","2016-04-17"
"Liga_BBVA","2015-12-05","14","1-1","RC Deportivo de La Coruña-Sevilla FC","1-1","33","2016-04-17"
"Liga_BBVA","2015-12-07","14","1-1","RCD Espanyol-Levante UD","1-2","33","2016-04-15"
"Liga_BBVA","2015-12-05","14","1-1","Real Betis Balompié-RC Celta de Vigo","1-1","33","2016-04-16"
"Liga_BBVA","2015-12-05","14","4-1","Real Madrid-Getafe CF","5-1","33","2016-04-16"
"Liga_BBVA","2015-12-06","14","2-1","Real Sociedad-SD Eibar","1-2","33","2016-04-16"
"Liga_BBVA","2015-12-06","14","3-1","Real Sporting de Gijón-UD Las Palmas","1-1","33","2016-04-16"
"Liga_BBVA","2015-12-05","14","1-1","Valencia CF-FC Barcelona","2-1","33","2016-04-17"
"Liga_BBVA","2015-12-06","14","2-1","Villarreal CF-Rayo Vallecano","1-2","33","2016-04-17"
"Liga_BBVA","2015-12-13","15","2-1","Atlético Madrid-Athletic Bilbao","1-0","34","2016-04-20"
"Liga_BBVA","2015-12-12","15","2-2","FC Barcelona-RC Deportivo de La Coruña","8-0","34","2016-04-20"
"Liga_BBVA","2015-12-11","15","1-1","Getafe CF-Real Sociedad","2-1","34","2016-04-21"
"Liga_BBVA","2015-12-12","15","1-2","Levante UD-Granada CF","1-5","34","2016-04-21"
"Liga_BBVA","2015-12-13","15","1-2","Rayo Vallecano-Málaga CF","1-1","34","2016-04-20"
"Liga_BBVA","2015-12-12","15","1-0","RC Celta de Vigo-RCD Espanyol","1-1","34","2016-04-19"
"Liga_BBVA","2015-12-13","15","1-1","SD Eibar-Valencia CF","0-4","34","2016-04-20"
"Liga_BBVA","2015-12-12","15","2-0","Sevilla FC-Real Sporting de Gijón","1-2","34","2016-04-20"
"Liga_BBVA","2015-12-12","15","1-0","UD Las Palmas-Real Betis Balompié","0-1","34","2016-04-19"
"Liga_BBVA","2015-12-13","15","1-0","Villarreal CF-Real Madrid","0-3","34","2016-04-20"
"Liga_BBVA","2015-12-20","16","2-0","Athletic Bilbao-Levante UD","2-2","35","2016-04-24"
"Liga_BBVA","2015-12-20","16","0-2","Granada CF-RC Celta de Vigo","1-2","35","2016-04-25"
"Liga_BBVA","2015-12-20","16","1-0","Málaga CF-Atlético Madrid","0-1","35","2016-04-23"
"Liga_BBVA","2015-12-19","16","2-0","RC Deportivo de La Coruña-SD Eibar","1-1","35","2016-04-23"
"Liga_BBVA","2015-12-19","16","1-0","RCD Espanyol-UD Las Palmas","0-4","35","2016-04-22"
"Liga_BBVA","2015-12-19","16","0-0","Real Betis Balompié-Sevilla FC","0-2","35","2016-04-24"
"Liga_BBVA","2015-12-20","16","10-2","Real Madrid-Rayo Vallecano","3-2","35","2016-04-23"
"Liga_BBVA","2015-12-20","16","0-2","Real Sociedad-Villarreal CF","0-0","35","2016-04-24"
"Liga_BBVA","2016-02-17","16","1-3","Real Sporting de Gijón-FC Barcelona","0-6","35","2016-04-23"
"Liga_BBVA","2015-12-19","16","2-2","Valencia CF-Getafe CF","2-2","35","2016-04-24"
"Liga_BBVA","2015-12-30","17","4-0","FC Barcelona-Real Betis Balompié","2-0","36","2016-04-30"
"Liga_BBVA","2015-12-30","17","0-0","Getafe CF-RC Deportivo de La Coruña","2-0","36","2016-05-01"
"Liga_BBVA","2015-12-30","17","0-1","Levante UD-Málaga CF","1-3","36","2016-05-02"
"Liga_BBVA","2015-12-30","17","0-2","Rayo Vallecano-Atlético Madrid","0-1","36","2016-04-30"
"Liga_BBVA","2015-12-30","17","0-1","RC Celta de Vigo-Athletic Bilbao","1-2","36","2016-05-01"
"Liga_BBVA","2015-12-30","17","3-1","Real Madrid-Real Sociedad","1-0","36","2016-04-30"
"Liga_BBVA","2015-12-30","17","2-0","SD Eibar-Real Sporting de Gijón","0-2","36","2016-04-29"
"Liga_BBVA","2015-12-30","17","2-0","Sevilla FC-RCD Espanyol","0-1","36","2016-05-01"
"Liga_BBVA","2015-12-30","17","4-1","UD Las Palmas-Granada CF","2-3","36","2016-04-30"
"Liga_BBVA","2015-12-31","17","1-0","Villarreal CF-Valencia CF","2-0","36","2016-05-01"
"Liga_BBVA","2016-01-03","18","2-2","Athletic Bilbao-UD Las Palmas","0-0","37","2016-05-08"
"Liga_BBVA","2016-01-02","18","1-0","Atlético Madrid-Levante UD","1-2","37","2016-05-08"
"Liga_BBVA","2016-01-03","18","2-1","Granada CF-Sevilla FC","4-1","37","2016-05-08"
"Liga_BBVA","2016-01-02","18","2-0","Málaga CF-RC Celta de Vigo","0-1","37","2016-05-08"
"Liga_BBVA","2016-01-03","18","2-2","Rayo Vallecano-Real Sociedad","1-2","37","2016-05-08"
"Liga_BBVA","2016-01-03","18","1-2","RC Deportivo de La Coruña-Villarreal CF","2-0","37","2016-05-08"
"Liga_BBVA","2016-01-02","18","0-0","RCD Espanyol-FC Barcelona","0-5","37","2016-05-08"
"Liga_BBVA","2016-01-03","18","0-4","Real Betis Balompié-SD Eibar","1-1","37","2016-05-08"
"Liga_BBVA","2016-01-04","18","1-2","Real Sporting de Gijón-Getafe CF","1-1","37","2016-05-08"
"Liga_BBVA","2016-01-03","18","2-2","Valencia CF-Real Madrid","2-3","37","2016-05-08"
"Liga_BBVA","2016-01-09","19","4-0","FC Barcelona-Granada CF","3-0","38","2016-05-14"
"Liga_BBVA","2016-01-09","19","1-0","Getafe CF-Real Betis Balompié","1-2","38","2016-05-15"
"Liga_BBVA","2016-01-09","19","2-1","Levante UD-Rayo Vallecano","1-3","38","2016-05-15"
"Liga_BBVA","2016-01-10","19","0-2","RC Celta de Vigo-Atlético Madrid","0-2","38","2016-05-14"
"Liga_BBVA","2016-01-09","19","5-0","Real Madrid-RC Deportivo de La Coruña","2-0","38","2016-05-14"
"Liga_BBVA","2016-01-10","19","2-0","Real Sociedad-Valencia CF","1-0","38","2016-05-13"
"Liga_BBVA","2016-01-10","19","2-1","SD Eibar-RCD Espanyol","2-4","38","2016-05-15"
"Liga_BBVA","2016-01-09","19","2-0","Sevilla FC-Athletic Bilbao","1-3","38","2016-05-14"
"Liga_BBVA","2016-01-10","19","1-1","UD Las Palmas-Málaga CF","1-4","38","2016-05-15"
"Liga_BBVA","2016-01-10","19","2-0","Villarreal CF-Real Sporting de Gijón","0-2","38","2016-05-15"
"Ligue_1","2015-08-08","1","0-0","ES Troyes AC-GFC Ajaccio","3-2","26","2016-02-13"
"Ligue_1","2015-08-08","1","1-0","FC Nantes-En Avant de Guingamp","2-2","21","2016-01-16"
"Ligue_1","2015-08-09","1","1-2","Girondins de Bordeaux-Stade de Reims","1-4","28","2016-02-27"
"Ligue_1","2015-08-07","1","0-1","LOSC Lille-Paris Saint-Germain","0-0","26","2016-02-13"
"Ligue_1","2015-08-08","1","0-2","Montpellier Hérault SC-Angers SCO","3-2","27","2016-02-20"
"Ligue_1","2015-08-08","1","1-2","OGC Nice-AS Monaco","0-1","25","2016-02-06"
"Ligue_1","2015-08-08","1","0-1","Olympique de Marseille-SM Caen","3-1","21","2016-01-17"
"Ligue_1","2015-08-09","1","0-0","Olympique Lyonnais-FC Lorient","3-1","32","2016-04-03"
"Ligue_1","2015-08-08","1","2-1","SC Bastia-Stade Rennais FC","2-1","38","2016-05-14"
"Ligue_1","2015-08-09","1","2-1","Toulouse FC-AS Saint-Étienne","0-0","36","2016-04-30"
"Ligue_1","2015-08-15","2","0-0","Angers SCO-FC Nantes","0-2","30","2016-03-13"
"Ligue_1","2015-08-14","2","0-0","AS Monaco-LOSC Lille","1-4","33","2016-04-10"
"Ligue_1","2015-08-15","2","1-1","AS Saint-Étienne-Girondins de Bordeaux","4-1","25","2016-02-07"
"Ligue_1","2015-08-15","2","0-1","En Avant de Guingamp-Olympique Lyonnais","1-5","29","2016-03-06"
"Ligue_1","2015-08-15","2","3-3","ES Troyes AC-OGC Nice","1-2","29","2016-03-05"
"Ligue_1","2015-08-16","2","1-1","FC Lorient-SC Bastia","0-0","29","2016-03-05"
"Ligue_1","2015-08-16","2","2-0","Paris Saint-Germain-GFC Ajaccio","4-0","37","2016-05-07"
"Ligue_1","2015-08-15","2","1-0","SM Caen-Toulouse FC","0-2","32","2016-04-02"
"Ligue_1","2015-08-16","2","1-0","Stade de Reims-Olympique de Marseille","0-1","37","2016-05-07"
"Ligue_1","2015-08-15","2","1-0","Stade Rennais FC-Montpellier Hérault SC","0-2","37","2016-05-07"
"Ligue_1","2015-08-23","3","0-1","FC Lorient-AS Saint-Étienne","0-2","35","2016-04-24"
"Ligue_1","2015-08-22","3","1-0","FC Nantes-Stade de Reims","1-2","33","2016-04-09"
"Ligue_1","2015-08-22","3","0-2","GFC Ajaccio-Angers SCO","0-0","33","2016-04-09"
"Ligue_1","2015-08-23","3","0-0","LOSC Lille-Girondins de Bordeaux","0-1","21","2016-01-16"
"Ligue_1","2015-08-21","3","0-1","Montpellier Hérault SC-Paris Saint-Germain","0-0","29","2016-03-05"
"Ligue_1","2015-08-22","3","2-1","OGC Nice-SM Caen","0-2","23","2016-01-31"
"Ligue_1","2015-08-23","3","6-0","Olympique de Marseille-ES Troyes AC","1-1","38","2016-05-14"
"Ligue_1","2015-08-22","3","1-2","Olympique Lyonnais-Stade Rennais FC","2-2","30","2016-03-13"
"Ligue_1","2015-08-22","3","3-0","SC Bastia-En Avant de Guingamp","0-1","22","2016-01-23"
"Ligue_1","2015-08-22","3","1-1","Toulouse FC-AS Monaco","0-4","22","2016-01-24"
"Ligue_1","2015-08-29","4","1-1","Angers SCO-OGC Nice","1-2","21","2016-01-15"
"Ligue_1","2015-08-30","4","0-3","AS Monaco-Paris Saint-Germain","2-0","31","2016-03-20"
"Ligue_1","2015-08-30","4","2-1","AS Saint-Étienne-SC Bastia","1-0","34","2016-04-16"
"Ligue_1","2015-08-28","4","2-0","En Avant de Guingamp-Olympique de Marseille","0-0","20","2016-01-10"
"Ligue_1","2015-08-29","4","0-0","ES Troyes AC-Montpellier Hérault SC","1-4","35","2016-04-24"
"Ligue_1","2015-08-30","4","2-0","Girondins de Bordeaux-FC Nantes","2-2","22","2016-01-23"
"Ligue_1","2015-08-29","4","1-0","LOSC Lille-GFC Ajaccio","4-2","34","2016-04-16"
"Ligue_1","2015-08-29","4","0-4","SM Caen-Olympique Lyonnais","1-4","26","2016-02-14"
"Ligue_1","2015-08-29","4","4-1","Stade de Reims-FC Lorient","0-2","23","2016-01-30"
"Ligue_1","2015-08-29","4","3-1","Stade Rennais FC-Toulouse FC","2-1","28","2016-02-27"
"Ligue_1","2015-09-12","5","1-3","ES Troyes AC-SM Caen","1-2","31","2016-03-19"
"Ligue_1","2015-09-12","5","3-1","FC Lorient-Angers SCO","1-5","31","2016-03-19"
"Ligue_1","2015-09-13","5","0-2","FC Nantes-Stade Rennais FC","1-4","29","2016-03-06"
"Ligue_1","2015-09-13","5","0-1","GFC Ajaccio-AS Monaco","2-2","20","2016-01-09"
"Ligue_1","2015-09-12","5","1-2","Montpellier Hérault SC-AS Saint-Étienne","0-3","31","2016-03-19"
"Ligue_1","2015-09-12","5","0-1","OGC Nice-En Avant de Guingamp","3-2","38","2016-05-14"
"Ligue_1","2015-09-13","5","4-1","Olympique de Marseille-SC Bastia","1-2","32","2016-04-03"
"Ligue_1","2015-09-12","5","0-0","Olympique Lyonnais-LOSC Lille","0-1","27","2016-02-21"
"Ligue_1","2015-09-11","5","2-2","Paris Saint-Germain-Girondins de Bordeaux","1-1","35","2016-05-11"
"Ligue_1","2015-09-12","5","2-2","Toulouse FC-Stade de Reims","3-1","20","2016-01-09"
"Ligue_1","2015-09-19","6","1-0","Angers SCO-ES Troyes AC","1-0","32","2016-04-02"
"Ligue_1","2015-09-20","6","2-3","AS Monaco-FC Lorient","2-0","21","2016-01-17"
"Ligue_1","2015-09-20","6","2-0","AS Saint-Étienne-FC Nantes","1-2","20","2016-01-10"
"Ligue_1","2015-09-19","6","2-1","En Avant de Guingamp-GFC Ajaccio","0-0","25","2016-02-06"
"Ligue_1","2015-09-20","6","1-1","Girondins de Bordeaux-Toulouse FC","0-4","30","2016-03-12"
"Ligue_1","2015-09-20","6","1-1","Olympique de Marseille-Olympique Lyonnais","1-1","22","2016-01-24"
"Ligue_1","2015-09-19","6","1-3","SC Bastia-OGC Nice","2-0","28","2016-02-26"
"Ligue_1","2015-09-19","6","2-1","SM Caen-Montpellier Hérault SC","2-1","22","2016-01-23"
"Ligue_1","2015-09-19","6","1-1","Stade de Reims-Paris Saint-Germain","1-4","27","2016-02-20"
"Ligue_1","2015-09-18","6","1-1","Stade Rennais FC-LOSC Lille","1-1","25","2016-02-07"
"Ligue_1","2015-09-22","7","0-0","Angers SCO-Stade de Reims","1-2","24","2016-02-03"
"Ligue_1","2015-09-23","7","0-1","ES Troyes AC-AS Saint-Étienne","0-1","33","2016-04-09"
"Ligue_1","2015-09-23","7","2-0","FC Lorient-SM Caen","2-1","33","2016-04-09"
"Ligue_1","2015-09-23","7","1-1","GFC Ajaccio-Stade Rennais FC","0-1","22","2016-01-22"
"Ligue_1","2015-09-29","7","0-1","LOSC Lille-FC Nantes","3-0","32","2016-04-03"
"Ligue_1","2015-09-24","7","2-3","Montpellier Hérault SC-AS Monaco","0-2","38","2016-05-14"
"Ligue_1","2015-09-23","7","6-1","OGC Nice-Girondins de Bordeaux","0-0","27","2016-02-19"
"Ligue_1","2015-09-23","7","2-0","Olympique Lyonnais-SC Bastia","0-1","23","2016-01-30"
"Ligue_1","2015-09-22","7","3-0","Paris Saint-Germain-En Avant de Guingamp","2-0","33","2016-04-09"
"Ligue_1","2015-09-23","7","1-1","Toulouse FC-Olympique de Marseille","1-1","29","2016-03-06"
"Ligue_1","2015-09-27","8","1-4","AS Saint-Étienne-OGC Nice","0-2","37","2016-05-07"
"Ligue_1","2015-09-27","8","3-3","En Avant de Guingamp-AS Monaco","2-3","36","2016-04-30"
"Ligue_1","2015-09-26","8","1-4","FC Nantes-Paris Saint-Germain","0-4","38","2016-05-14"
"Ligue_1","2015-09-26","8","3-1","Girondins de Bordeaux-Olympique Lyonnais","0-3","24","2016-02-03"
"Ligue_1","2015-09-27","8","2-1","Montpellier Hérault SC-FC Lorient","1-1","25","2016-02-06"
"Ligue_1","2015-09-27","8","1-2","Olympique de Marseille-Angers SCO","1-0","36","2016-05-01"
"Ligue_1","2015-09-26","8","3-0","SC Bastia-Toulouse FC","0-4","33","2016-04-09"
"Ligue_1","2015-09-26","8","2-0","SM Caen-GFC Ajaccio","0-1","30","2016-03-12"
"Ligue_1","2015-09-25","8","1-0","Stade de Reims-LOSC Lille","0-2","29","2016-03-05"
"Ligue_1","2015-09-26","8","1-1","Stade Rennais FC-ES Troyes AC","4-2","21","2016-01-16"
"Ligue_1","2015-10-03","9","1-0","Angers SCO-SC Bastia","0-1","37","2016-05-07"
"Ligue_1","2015-10-04","9","1-1","AS Monaco-Stade Rennais FC","1-1","35","2016-04-24"
"Ligue_1","2015-10-03","9","0-1","ES Troyes AC-En Avant de Guingamp","0-4","24","2016-02-03"
"Ligue_1","2015-10-04","9","3-2","FC Lorient-Girondins de Bordeaux","0-3","37","2016-05-07"
"Ligue_1","2015-10-03","9","2-2","GFC Ajaccio-Toulouse FC","1-1","27","2016-02-20"
"Ligue_1","2015-10-02","9","2-0","LOSC Lille-Montpellier Hérault SC","0-3","28","2016-02-27"
"Ligue_1","2015-11-04","9","1-2","OGC Nice-FC Nantes","0-1","36","2016-04-30"
"Ligue_1","2015-10-03","9","1-0","Olympique Lyonnais-Stade de Reims","1-4","38","2016-05-14"
"Ligue_1","2015-10-04","9","2-1","Paris Saint-Germain-Olympique de Marseille","2-1","25","2016-02-07"
"Ligue_1","2015-10-04","9","1-0","SM Caen-AS Saint-Étienne","2-1","28","2016-02-28"
"Ligue_1","2015-10-16","10","1-1","AS Monaco-Olympique Lyonnais","1-6","37","2016-05-07"
"Ligue_1","2015-10-17","10","2-0","AS Saint-Étienne-GFC Ajaccio","2-0","32","2016-04-02"
"Ligue_1","2015-10-17","10","1-1","En Avant de Guingamp-LOSC Lille","0-0","37","2016-05-07"
"Ligue_1","2015-10-17","10","3-0","FC Nantes-ES Troyes AC","1-0","23","2016-01-30"
"Ligue_1","2015-10-18","10","0-0","Girondins de Bordeaux-Montpellier Hérault SC","1-0","20","2016-01-09"
"Ligue_1","2015-10-18","10","1-1","Olympique de Marseille-FC Lorient","1-1","30","2016-03-12"
"Ligue_1","2015-10-17","10","0-2","SC Bastia-Paris Saint-Germain","0-2","20","2016-01-08"
"Ligue_1","2015-10-17","10","0-1","Stade de Reims-SM Caen","2-0","25","2016-02-06"
"Ligue_1","2015-10-18","10","1-4","Stade Rennais FC-OGC Nice","0-3","33","2016-04-10"
"Ligue_1","2015-10-17","10","1-2","Toulouse FC-Angers SCO","3-2","38","2016-05-14"
"Ligue_1","2015-10-24","11","0-0","Angers SCO-En Avant de Guingamp","2-2","28","2016-02-27"
"Ligue_1","2015-10-24","11","1-1","FC Lorient-Stade Rennais FC","2-2","20","2016-01-09"
"Ligue_1","2015-10-24","11","3-1","GFC Ajaccio-OGC Nice","0-3","31","2016-03-20"
"Ligue_1","2015-10-25","11","1-0","Girondins de Bordeaux-ES Troyes AC","4-2","36","2016-04-30"
"Ligue_1","2015-10-25","11","1-2","LOSC Lille-Olympique de Marseille","1-1","23","2016-01-29"
"Ligue_1","2015-10-24","11","2-0","Montpellier Hérault SC-SC Bastia","0-1","21","2016-01-16"
"Ligue_1","2015-10-23","11","3-0","Olympique Lyonnais-Toulouse FC","3-2","35","2016-04-23"
"Ligue_1","2015-10-25","11","4-1","Paris Saint-Germain-AS Saint-Étienne","2-0","23","2016-01-31"
"Ligue_1","2015-10-23","11","0-2","SM Caen-FC Nantes","2-1","37","2016-05-07"
"Ligue_1","2015-10-25","11","0-1","Stade de Reims-AS Monaco","2-2","30","2016-03-11"
"Ligue_1","2015-11-01","12","1-0","AS Monaco-Angers SCO","0-3","23","2016-01-30"
"Ligue_1","2015-10-31","12","3-0","AS Saint-Étienne-Stade de Reims","1-1","22","2016-01-24"
"Ligue_1","2015-10-31","12","2-2","En Avant de Guingamp-FC Lorient","3-4","27","2016-02-20"
"Ligue_1","2015-10-31","12","0-1","ES Troyes AC-Olympique Lyonnais","1-4","20","2016-01-09"
"Ligue_1","2015-11-01","12","0-1","FC Nantes-Olympique de Marseille","1-1","35","2016-04-24"
"Ligue_1","2015-10-31","12","2-0","GFC Ajaccio-Girondins de Bordeaux","1-1","29","2016-03-05"
"Ligue_1","2015-11-01","12","0-0","OGC Nice-LOSC Lille","1-1","20","2016-01-10"
"Ligue_1","2015-10-31","12","1-0","SC Bastia-SM Caen","0-0","36","2016-04-30"
"Ligue_1","2015-10-30","12","0-1","Stade Rennais FC-Paris Saint-Germain","0-4","36","2016-04-29"
"Ligue_1","2015-10-31","12","1-1","Toulouse FC-Montpellier Hérault SC","0-2","26","2016-02-13"
"Ligue_1","2015-11-06","13","0-2","Angers SCO-Stade Rennais FC","0-1","26","2016-02-12"
"Ligue_1","2015-11-07","13","4-1","FC Lorient-ES Troyes AC","1-0","28","2016-02-27"
"Ligue_1","2015-11-08","13","3-1","Girondins de Bordeaux-AS Monaco","2-1","32","2016-04-01"
"Ligue_1","2015-11-07","13","1-1","LOSC Lille-SC Bastia","2-1","30","2016-03-12"
"Ligue_1","2015-11-07","13","2-1","Montpellier Hérault SC-FC Nantes","2-0","34","2016-04-17"
"Ligue_1","2015-11-08","13","0-1","Olympique de Marseille-OGC Nice","1-1","26","2016-02-14"
"Ligue_1","2015-11-08","13","3-0","Olympique Lyonnais-AS Saint-Étienne","0-1","21","2016-01-17"
"Ligue_1","2015-11-07","13","5-0","Paris Saint-Germain-Toulouse FC","1-0","21","2016-01-16"
"Ligue_1","2015-11-07","13","2-1","SM Caen-En Avant de Guingamp","1-1","35","2016-04-24"
"Ligue_1","2015-11-07","13","1-2","Stade de Reims-GFC Ajaccio","2-2","21","2016-01-16"
"Ligue_1","2015-11-21","14","1-0","AS Monaco-FC Nantes","0-0","28","2016-02-28"
"Ligue_1","2015-11-22","14","0-2","AS Saint-Étienne-Olympique de Marseille","1-1","27","2016-02-21"
"Ligue_1","2015-11-21","14","2-0","En Avant de Guingamp-Toulouse FC","2-1","23","2016-01-30"
"Ligue_1","2015-11-21","14","1-1","ES Troyes AC-LOSC Lille","3-1","22","2016-01-23"
"Ligue_1","2015-11-21","14","1-2","FC Lorient-Paris Saint-Germain","1-3","24","2016-02-03"
"Ligue_1","2015-11-21","14","3-1","Montpellier Hérault SC-Stade de Reims","3-2","36","2016-04-30"
"Ligue_1","2015-11-20","14","3-0","OGC Nice-Olympique Lyonnais","1-1","34","2016-04-15"
"Ligue_1","2015-11-22","14","1-2","SC Bastia-GFC Ajaccio","2-3","35","2016-04-24"
"Ligue_1","2015-11-22","14","0-0","SM Caen-Angers SCO","0-2","20","2016-01-09"
"Ligue_1","2015-11-22","14","2-2","Stade Rennais FC-Girondins de Bordeaux","0-4","23","2016-01-31"
"Ligue_1","2015-11-28","15","2-0","Angers SCO-LOSC Lille","0-0","35","2016-04-27"
"Ligue_1","2015-11-29","15","3-0","AS Saint-Étienne-En Avant de Guingamp","0-2","30","2016-03-12"
"Ligue_1","2015-11-28","15","0-0","FC Nantes-SC Bastia","0-0","27","2016-03-09"
"Ligue_1","2015-11-28","15","1-1","GFC Ajaccio-FC Lorient","0-1","38","2016-05-14"
"Ligue_1","2015-11-29","15","1-4","Girondins de Bordeaux-SM Caen","0-1","38","2016-05-14"
"Ligue_1","2015-11-29","15","3-3","Olympique de Marseille-AS Monaco","1-2","34","2016-04-17"
"Ligue_1","2015-11-27","15","2-4","Olympique Lyonnais-Montpellier Hérault SC","2-0","33","2016-04-08"
"Ligue_1","2015-11-28","15","4-1","Paris Saint-Germain-ES Troyes AC","9-0","30","2016-03-13"
"Ligue_1","2015-11-28","15","2-2","Stade de Reims-Stade Rennais FC","1-3","32","2016-04-02"
"Ligue_1","2015-11-28","15","2-0","Toulouse FC-OGC Nice","0-1","24","2016-02-03"
"Ligue_1","2015-12-01","16","0-0","Angers SCO-Paris Saint-Germain","1-5","22","2016-01-23"
"Ligue_1","2015-12-02","16","1-1","AS Monaco-SM Caen","2-2","29","2016-03-04"
"Ligue_1","2015-12-02","16","1-2","En Avant de Guingamp-Stade de Reims","1-0","31","2016-03-19"
"Ligue_1","2015-12-02","16","0-3","ES Troyes AC-Toulouse FC","0-1","37","2016-05-07"
"Ligue_1","2015-12-01","16","0-0","FC Lorient-OGC Nice","1-2","22","2016-01-23"
"Ligue_1","2015-12-01","16","0-0","FC Nantes-Olympique Lyonnais","0-2","31","2016-03-19"
"Ligue_1","2015-12-02","16","1-0","LOSC Lille-AS Saint-Étienne","1-0","38","2016-05-14"
"Ligue_1","2015-12-02","16","0-2","Montpellier Hérault SC-GFC Ajaccio","4-0","23","2016-01-30"
"Ligue_1","2015-12-02","16","1-0","SC Bastia-Girondins de Bordeaux","1-1","31","2016-03-20"
"Ligue_1","2015-12-03","16","0-1","Stade Rennais FC-Olympique de Marseille","5-2","31","2016-03-18"
"Ligue_1","2015-12-06","17","1-1","AS Saint-Étienne-Stade Rennais FC","1-0","24","2016-02-04"
"Ligue_1","2015-12-05","17","1-1","GFC Ajaccio-FC Nantes","1-3","24","2016-02-03"
"Ligue_1","2015-12-06","17","1-0","Girondins de Bordeaux-En Avant de Guingamp","4-2","26","2016-02-13"
"Ligue_1","2015-12-04","17","0-3","OGC Nice-Paris Saint-Germain","1-4","32","2016-04-02"
"Ligue_1","2015-12-06","17","2-2","Olympique de Marseille-Montpellier Hérault SC","1-0","24","2016-02-02"
"Ligue_1","2015-12-05","17","0-2","Olympique Lyonnais-Angers SCO","3-0","25","2016-02-06"
"Ligue_1","2015-12-05","17","1-2","SC Bastia-AS Monaco","0-2","24","2016-02-02"
"Ligue_1","2015-12-05","17","1-2","SM Caen-LOSC Lille","0-1","24","2016-02-03"
"Ligue_1","2015-12-05","17","1-1","Stade de Reims-ES Troyes AC","1-2","34","2016-04-16"
"Ligue_1","2015-12-05","17","2-3","Toulouse FC-FC Lorient","1-1","34","2016-04-16"
"Ligue_1","2015-12-13","18","1-1","Angers SCO-Girondins de Bordeaux","3-1","34","2016-04-16"
"Ligue_1","2015-12-13","18","1-0","AS Monaco-AS Saint-Étienne","1-1","26","2016-02-14"
"Ligue_1","2015-12-12","18","1-1","ES Troyes AC-SC Bastia","0-2","25","2016-02-06"
"Ligue_1","2015-12-12","18","1-1","FC Nantes-Toulouse FC","0-0","25","2016-02-06"
"Ligue_1","2015-12-12","18","3-0","LOSC Lille-FC Lorient","1-0","36","2016-04-30"
"Ligue_1","2015-12-12","18","2-1","Montpellier Hérault SC-En Avant de Guingamp","2-2","32","2016-04-02"
"Ligue_1","2015-12-13","18","1-1","Olympique de Marseille-GFC Ajaccio","1-1","28","2016-03-09"
"Ligue_1","2015-12-13","18","5-1","Paris Saint-Germain-Olympique Lyonnais","1-2","28","2016-02-28"
"Ligue_1","2015-12-12","18","1-1","Stade de Reims-OGC Nice","0-2","35","2016-04-22"
"Ligue_1","2015-12-11","18","1-1","Stade Rennais FC-SM Caen","0-1","27","2016-02-21"
"Ligue_1","2015-12-20","19","1-0","AS Saint-Étienne-Angers SCO","0-0","29","2016-03-05"
"Ligue_1","2015-12-19","19","0-2","En Avant de Guingamp-Stade Rennais FC","3-0","34","2016-04-17"
"Ligue_1","2015-12-19","19","0-0","ES Troyes AC-AS Monaco","1-3","27","2016-02-20"
"Ligue_1","2015-12-19","19","0-0","FC Lorient-FC Nantes","1-2","26","2016-02-13"
"Ligue_1","2015-12-20","19","2-1","GFC Ajaccio-Olympique Lyonnais","1-2","36","2016-04-30"
"Ligue_1","2015-12-20","19","1-1","Girondins de Bordeaux-Olympique de Marseille","0-0","33","2016-04-10"
"Ligue_1","2015-12-18","19","1-0","OGC Nice-Montpellier Hérault SC","2-0","30","2016-03-12"
"Ligue_1","2015-12-19","19","2-0","SC Bastia-Stade de Reims","1-0","26","2016-02-13"
"Ligue_1","2015-12-19","19","0-3","SM Caen-Paris Saint-Germain","0-6","34","2016-04-16"
"Ligue_1","2015-12-19","19","1-1","Toulouse FC-LOSC Lille","0-1","31","2016-03-19"
"Premier_League","2015-08-09","1","0-2","Arsenal-West Ham United","3-3","33","2016-04-09"
"Premier_League","2015-08-08","1","0-1","Bournemouth-Aston Villa","2-1","33","2016-04-09"
"Premier_League","2015-08-08","1","2-2","Chelsea-Swansea City","0-1","33","2016-04-09"
"Premier_League","2015-08-08","1","2-2","Everton-Watford","1-1","33","2016-04-09"
"Premier_League","2015-08-08","1","4-2","Leicester City-Sunderland","2-0","33","2016-04-10"
"Premier_League","2015-08-08","1","1-0","Manchester United-Tottenham Hotspur","0-3","33","2016-04-10"
"Premier_League","2015-08-09","1","2-2","Newcastle United-Southampton","1-3","33","2016-04-09"
"Premier_League","2015-08-08","1","1-3","Norwich City-Crystal Palace","0-1","33","2016-04-09"
"Premier_League","2015-08-09","1","0-1","Stoke City-Liverpool","1-4","33","2016-04-10"
"Premier_League","2015-08-10","1","0-3","West Bromwich Albion-Manchester City","1-2","33","2016-04-09"
"Premier_League","2015-08-14","2","0-1","Aston Villa-Manchester United","0-1","34","2016-04-16"
"Premier_League","2015-08-16","2","1-2","Crystal Palace-Arsenal","1-1","34","2016-04-17"
"Premier_League","2015-08-17","2","1-0","Liverpool-Bournemouth","2-1","34","2016-04-17"
"Premier_League","2015-08-16","2","3-0","Manchester City-Chelsea","3-0","34","2016-04-16"
"Premier_League","2015-08-15","2","0-3","Southampton-Everton","1-1","34","2016-04-16"
"Premier_League","2015-08-15","2","1-3","Sunderland-Norwich City","3-0","34","2016-04-16"
"Premier_League","2015-08-15","2","2-0","Swansea City-Newcastle United","0-3","34","2016-04-16"
"Premier_League","2015-08-15","2","2-2","Tottenham Hotspur-Stoke City","4-0","34","2016-04-18"
"Premier_League","2015-08-15","2","0-0","Watford-West Bromwich Albion","1-0","34","2016-04-16"
"Premier_League","2015-08-15","2","1-2","West Ham United-Leicester City","2-2","34","2016-04-17"
"Premier_League","2015-08-24","3","0-0","Arsenal-Liverpool","3-3","21","2016-01-13"
"Premier_League","2015-08-22","3","2-1","Crystal Palace-Aston Villa","0-1","21","2016-01-12"
"Premier_League","2015-08-23","3","0-2","Everton-Manchester City","0-0","21","2016-01-13"
"Premier_League","2015-08-22","3","1-1","Leicester City-Tottenham Hotspur","1-0","21","2016-01-13"
"Premier_League","2015-08-22","3","0-0","Manchester United-Newcastle United","3-3","21","2016-01-12"
"Premier_League","2015-08-22","3","1-1","Norwich City-Stoke City","1-3","21","2016-01-13"
"Premier_League","2015-08-22","3","1-1","Sunderland-Swansea City","4-2","21","2016-01-13"
"Premier_League","2015-08-23","3","0-0","Watford-Southampton","0-2","21","2016-01-13"
"Premier_League","2015-08-23","3","2-3","West Bromwich Albion-Chelsea","2-2","21","2016-01-13"
"Premier_League","2015-08-22","3","3-4","West Ham United-Bournemouth","3-1","21","2016-01-12"
"Premier_League","2015-08-29","4","2-2","Aston Villa-Sunderland","1-3","20","2016-01-02"
"Premier_League","2015-08-29","4","1-1","Bournemouth-Leicester City","0-0","20","2016-01-02"
"Premier_League","2015-08-29","4","1-2","Chelsea-Crystal Palace","3-0","20","2016-01-03"
"Premier_League","2015-08-29","4","0-3","Liverpool-West Ham United","0-2","20","2016-01-02"
"Premier_League","2015-08-29","4","2-0","Manchester City-Watford","2-1","20","2016-01-02"
"Premier_League","2015-08-29","4","0-1","Newcastle United-Arsenal","0-1","20","2016-01-02"
"Premier_League","2015-08-30","4","3-0","Southampton-Norwich City","0-1","20","2016-01-02"
"Premier_League","2015-08-29","4","0-1","Stoke City-West Bromwich Albion","1-2","20","2016-01-02"
"Premier_League","2015-08-30","4","2-1","Swansea City-Manchester United","1-2","20","2016-01-02"
"Premier_League","2015-08-29","4","0-0","Tottenham Hotspur-Everton","1-1","20","2016-01-03"
"Premier_League","2015-09-12","5","2-0","Arsenal-Stoke City","0-0","22","2016-01-17"
"Premier_League","2015-09-12","5","0-1","Crystal Palace-Manchester City","0-4","22","2016-01-16"
"Premier_League","2015-09-12","5","3-1","Everton-Chelsea","3-3","22","2016-01-16"
"Premier_League","2015-09-13","5","3-2","Leicester City-Aston Villa","1-1","22","2016-01-16"
"Premier_League","2015-09-12","5","3-1","Manchester United-Liverpool","1-0","22","2016-01-17"
"Premier_League","2015-09-12","5","3-1","Norwich City-Bournemouth","0-3","22","2016-01-16"
"Premier_League","2015-09-13","5","0-1","Sunderland-Tottenham Hotspur","1-4","22","2016-01-16"
"Premier_League","2015-09-12","5","1-0","Watford-Swansea City","0-1","22","2016-01-18"
"Premier_League","2015-09-12","5","0-0","West Bromwich Albion-Southampton","0-3","22","2016-01-16"
"Premier_League","2015-09-14","5","2-0","West Ham United-Newcastle United","1-2","22","2016-01-16"
"Premier_League","2015-09-19","6","0-1","Aston Villa-West Bromwich Albion","0-0","23","2016-01-23"
"Premier_League","2015-09-19","6","2-0","Bournemouth-Sunderland","1-1","23","2016-01-23"
"Premier_League","2015-09-19","6","2-0","Chelsea-Arsenal","1-0","23","2016-01-24"
"Premier_League","2015-09-20","6","1-1","Liverpool-Norwich City","5-4","23","2016-01-23"
"Premier_League","2015-09-19","6","1-2","Manchester City-West Ham United","2-2","23","2016-01-23"
"Premier_League","2015-09-19","6","1-2","Newcastle United-Watford","1-2","23","2016-01-23"
"Premier_League","2015-09-20","6","2-3","Southampton-Manchester United","1-0","23","2016-01-23"
"Premier_League","2015-09-19","6","2-2","Stoke City-Leicester City","0-3","23","2016-01-23"
"Premier_League","2015-09-19","6","0-0","Swansea City-Everton","2-1","23","2016-01-24"
"Premier_League","2015-09-20","6","1-0","Tottenham Hotspur-Crystal Palace","3-1","23","2016-01-23"
"Premier_League","2015-09-26","7","2-5","Leicester City-Arsenal","1-2","26","2016-02-14"
"Premier_League","2015-09-26","7","3-2","Liverpool-Aston Villa","6-0","26","2016-02-14"
"Premier_League","2015-09-26","7","3-0","Manchester United-Sunderland","1-2","26","2016-02-13"
"Premier_League","2015-09-26","7","2-2","Newcastle United-Chelsea","1-5","26","2016-02-13"
"Premier_League","2015-09-26","7","3-1","Southampton-Swansea City","1-0","26","2016-02-13"
"Premier_League","2015-09-26","7","2-1","Stoke City-Bournemouth","3-1","26","2016-02-13"
"Premier_League","2015-09-26","7","4-1","Tottenham Hotspur-Manchester City","2-1","26","2016-02-14"
"Premier_League","2015-09-27","7","0-1","Watford-Crystal Palace","2-1","26","2016-02-13"
"Premier_League","2015-09-28","7","2-3","West Bromwich Albion-Everton","1-0","26","2016-02-13"
"Premier_League","2015-09-26","7","2-2","West Ham United-Norwich City","2-2","26","2016-02-13"
"Premier_League","2015-10-04","8","3-0","Arsenal-Manchester United","2-3","27","2016-02-28"
"Premier_League","2015-10-03","8","0-1","Aston Villa-Stoke City","1-2","27","2016-02-27"
"Premier_League","2015-10-03","8","1-1","Bournemouth-Watford","0-0","27","2016-02-27"
"Premier_League","2015-10-03","8","1-3","Chelsea-Southampton","2-1","27","2016-02-27"
"Premier_League","2015-10-03","8","2-0","Crystal Palace-West Bromwich Albion","2-3","27","2016-02-27"
"Premier_League","2015-10-04","8","1-1","Everton-Liverpool","0-4","27","2016-04-20"
"Premier_League","2015-10-03","8","6-1","Manchester City-Newcastle United","1-1","27","2016-04-19"
"Premier_League","2015-10-03","8","1-2","Norwich City-Leicester City","0-1","27","2016-02-27"
"Premier_League","2015-10-03","8","2-2","Sunderland-West Ham United","0-1","27","2016-02-27"
"Premier_League","2015-10-04","8","2-2","Swansea City-Tottenham Hotspur","1-2","27","2016-02-28"
"Premier_League","2015-10-17","9","2-0","Chelsea-Aston Villa","4-0","32","2016-04-02"
"Premier_League","2015-10-17","9","1-3","Crystal Palace-West Ham United","2-2","32","2016-04-02"
"Premier_League","2015-10-17","9","0-3","Everton-Manchester United","0-1","32","2016-04-03"
"Premier_League","2015-10-17","9","5-1","Manchester City-Bournemouth","4-0","32","2016-04-02"
"Premier_League","2015-10-18","9","6-2","Newcastle United-Norwich City","2-3","32","2016-04-02"
"Premier_League","2015-10-17","9","2-2","Southampton-Leicester City","0-1","32","2016-04-03"
"Premier_League","2015-10-19","9","0-1","Swansea City-Stoke City","2-2","32","2016-04-02"
"Premier_League","2015-10-17","9","0-0","Tottenham Hotspur-Liverpool","1-1","32","2016-04-02"
"Premier_League","2015-10-17","9","0-3","Watford-Arsenal","0-4","32","2016-04-02"
"Premier_League","2015-10-17","9","1-0","West Bromwich Albion-Sunderland","0-0","32","2016-04-02"
"Premier_League","2015-10-24","10","2-1","Arsenal-Everton","2-0","31","2016-03-19"
"Premier_League","2015-10-24","10","1-2","Aston Villa-Swansea City","0-1","31","2016-03-19"
"Premier_League","2015-10-25","10","1-5","Bournemouth-Tottenham Hotspur","0-3","31","2016-03-20"
"Premier_League","2015-10-24","10","1-0","Leicester City-Crystal Palace","1-0","31","2016-03-19"
"Premier_League","2015-10-25","10","1-1","Liverpool-Southampton","2-3","31","2016-03-20"
"Premier_League","2015-10-25","10","0-0","Manchester United-Manchester City","1-0","31","2016-03-20"
"Premier_League","2015-10-24","10","0-1","Norwich City-West Bromwich Albion","1-0","31","2016-03-19"
"Premier_League","2015-10-24","10","0-2","Stoke City-Watford","2-1","31","2016-03-19"
"Premier_League","2015-10-25","10","3-0","Sunderland-Newcastle United","1-1","31","2016-03-20"
"Premier_League","2015-10-24","10","2-1","West Ham United-Chelsea","2-2","31","2016-03-19"
"Premier_League","2015-10-31","11","1-3","Chelsea-Liverpool","1-1","28","2016-03-01"
"Premier_League","2015-10-31","11","0-0","Crystal Palace-Manchester United","0-2","28","2016-03-01"
"Premier_League","2015-11-01","11","6-2","Everton-Sunderland","0-3","28","2016-03-01"
"Premier_League","2015-10-31","11","2-1","Manchester City-Norwich City","0-0","28","2016-03-01"
"Premier_League","2015-10-31","11","0-0","Newcastle United-Stoke City","0-1","28","2016-03-02"
"Premier_League","2015-11-01","11","2-0","Southampton-Bournemouth","0-2","28","2016-03-01"
"Premier_League","2015-10-31","11","0-3","Swansea City-Arsenal","2-1","28","2016-03-02"
"Premier_League","2015-11-02","11","3-1","Tottenham Hotspur-Aston Villa","2-0","28","2016-03-01"
"Premier_League","2015-10-31","11","2-0","Watford-West Ham United","1-3","28","2016-03-01"
"Premier_League","2015-10-31","11","2-3","West Bromwich Albion-Leicester City","2-2","28","2016-03-01"
"Premier_League","2015-11-08","12","1-1","Arsenal-Tottenham Hotspur","2-2","29","2016-03-05"
"Premier_League","2015-11-08","12","0-0","Aston Villa-Manchester City","0-4","29","2016-03-05"
"Premier_League","2015-11-07","12","0-1","Bournemouth-Newcastle United","3-1","29","2016-03-05"
"Premier_League","2015-11-07","12","2-1","Leicester City-Watford","1-0","29","2016-03-05"
"Premier_League","2015-11-08","12","1-2","Liverpool-Crystal Palace","2-1","29","2016-03-06"
"Premier_League","2015-11-07","12","2-0","Manchester United-West Bromwich Albion","0-1","29","2016-03-06"
"Premier_League","2015-11-07","12","1-0","Norwich City-Swansea City","0-1","29","2016-03-05"
"Premier_League","2015-11-07","12","1-0","Stoke City-Chelsea","1-1","29","2016-03-05"
"Premier_League","2015-11-07","12","0-1","Sunderland-Southampton","1-1","29","2016-03-05"
"Premier_League","2015-11-07","12","1-1","West Ham United-Everton","3-2","29","2016-03-05"
"Premier_League","2015-11-21","13","1-0","Chelsea-Norwich Norwich","2-1","30","2016-03-12"
"Premier_League","2015-11-23","13","0-1","Crystal Palace-Sunderland","2-2","30","2016-03-12"
"Premier_League","2015-11-21","13","4-0","Everton-Aston Villa","3-1","30","2016-03-12"
"Premier_League","2015-11-21","13","1-4","Manchester City-Liverpool","0-3","30","2016-03-12"
"Premier_League","2015-11-21","13","0-3","Newcastle United-Leicester City","0-1","30","2016-03-14"
"Premier_League","2015-11-21","13","0-1","Southampton-Stoke City","2-1","30","2016-03-12"
"Premier_League","2015-11-21","13","2-2","Swansea City-Bournemouth","2-3","30","2016-03-12"
"Premier_League","2015-11-22","13","4-1","Tottenham Hotspur-West Ham United","0-1","30","2016-03-12"
"Premier_League","2015-11-21","13","1-2","Watford-Manchester United","0-1","30","2016-03-12"
"Premier_League","2015-11-21","13","2-1","West Bromwich Albion-Arsenal","0-2","30","2016-04-21"
"Premier_League","2015-11-28","14","2-3","Aston Villa-Watford","2-3","36","2016-04-30"
"Premier_League","2015-11-28","14","3-3","Bournemouth-Everton","1-2","36","2016-04-30"
"Premier_League","2015-11-28","14","5-1","Crystal Palace-Newcastle United","0-1","36","2016-04-30"
"Premier_League","2015-11-28","14","1-1","Leicester City-Manchester United","1-1","36","2016-05-01"
"Premier_League","2015-11-29","14","1-0","Liverpool-Swansea City","1-3","36","2016-05-01"
"Premier_League","2015-11-28","14","3-1","Manchester City-Southampton","2-4","36","2016-05-01"
"Premier_League","2015-11-29","14","1-1","Norwich City-Arsenal","0-1","36","2016-04-30"
"Premier_League","2015-11-28","14","2-0","Sunderland-Stoke City","1-1","36","2016-04-30"
"Premier_League","2015-11-29","14","0-0","Tottenham Hotspur-Chelsea","2-2","36","2016-05-02"
"Premier_League","2015-11-29","14","1-1","West Ham United-West Bromwich Albion","3-0","36","2016-04-30"
"Premier_League","2015-12-05","15","3-1","Arsenal-Sunderland","0-0","35","2016-04-24"
"Premier_League","2015-12-05","15","0-1","Chelsea-Bournemouth","4-1","35","2016-04-23"
"Premier_League","2015-12-07","15","1-1","Everton-Crystal Palace","0-0","35","2016-04-13"
"Premier_League","2015-12-05","15","0-0","Manchester United-West Ham United","2-3","35","2016-05-10"
"Premier_League","2015-12-06","15","2-0","Newcastle United-Liverpool","2-2","35","2016-04-23"
"Premier_League","2015-12-05","15","1-1","Southampton-Aston Villa","4-2","35","2016-04-23"
"Premier_League","2015-12-05","15","2-0","Stoke City-Manchester City","0-4","35","2016-04-23"
"Premier_League","2015-12-05","15","0-3","Swansea City-Leicester City","0-4","35","2016-04-24"
"Premier_League","2015-12-05","15","2-0","Watford-Norwich City","2-4","35","2016-05-11"
"Premier_League","2015-12-05","15","1-1","West Bromwich Albion-Tottenham Hotspur","1-1","35","2016-04-25"
"Premier_League","2015-12-13","16","0-2","Aston Villa-Arsenal","0-4","38","2016-05-15"
"Premier_League","2015-12-12","16","2-1","Bournemouth-Manchester United","1-3","38","2016-05-17"
"Premier_League","2015-12-12","16","1-0","Crystal Palace-Southampton","1-4","38","2016-05-15"
"Premier_League","2015-12-14","16","2-1","Leicester City-Chelsea","1-1","38","2016-05-15"
"Premier_League","2015-12-13","16","2-2","Liverpool-West Bromwich Albion","1-1","38","2016-05-15"
"Premier_League","2015-12-12","16","2-1","Manchester City-Swansea City","1-1","38","2016-05-15"
"Premier_League","2015-12-12","16","1-1","Norwich City-Everton","0-3","38","2016-05-15"
"Premier_League","2015-12-12","16","0-1","Sunderland-Watford","2-2","38","2016-05-15"
"Premier_League","2015-12-13","16","1-2","Tottenham Hotspur-Newcastle United","1-5","38","2016-05-15"
"Premier_League","2015-12-12","16","0-0","West Ham United-Stoke City","1-2","38","2016-05-15"
"Premier_League","2015-12-21","17","2-1","Arsenal-Manchester City","2-2","37","2016-05-08"
"Premier_League","2015-12-19","17","3-1","Chelsea-Sunderland","2-3","37","2016-05-07"
"Premier_League","2015-12-19","17","2-3","Everton-Leicester City","1-3","37","2016-05-07"
"Premier_League","2015-12-19","17","1-2","Manchester United-Norwich City","1-0","37","2016-05-07"
"Premier_League","2015-12-19","17","1-1","Newcastle United-Aston Villa","0-0","37","2016-05-07"
"Premier_League","2015-12-19","17","0-2","Southampton-Tottenham Hotspur","2-1","37","2016-05-08"
"Premier_League","2015-12-19","17","1-2","Stoke City-Crystal Palace","1-2","37","2016-05-07"
"Premier_League","2015-12-20","17","0-0","Swansea City-West Ham United","4-1","37","2016-05-07"
"Premier_League","2015-12-20","17","3-0","Watford-Liverpool","0-2","37","2016-05-08"
"Premier_League","2015-12-19","17","1-2","West Bromwich Albion-Bournemouth","1-1","37","2016-05-07"
"Premier_League","2015-12-26","18","1-1","Aston Villa-West Ham United","0-2","24","2016-02-02"
"Premier_League","2015-12-26","18","0-0","Bournemouth-Crystal Palace","2-1","24","2016-02-02"
"Premier_League","2015-12-26","18","2-2","Chelsea-Watford","0-0","24","2016-02-03"
"Premier_League","2015-12-26","18","1-0","Liverpool-Leicester City","0-2","24","2016-02-02"
"Premier_League","2015-12-26","18","4-1","Manchester City-Sunderland","1-0","24","2016-02-02"
"Premier_League","2015-12-26","18","0-1","Newcastle United-Everton","0-3","24","2016-02-03"
"Premier_League","2015-12-26","18","4-0","Southampton-Arsenal","0-0","24","2016-02-02"
"Premier_League","2015-12-26","18","2-0","Stoke City-Manchester United","0-3","24","2016-02-02"
"Premier_League","2015-12-26","18","1-0","Swansea City-West Bromwich Albion","1-1","24","2016-02-02"
"Premier_League","2015-12-26","18","3-0","Tottenham Hotspur-Norwich City","3-0","24","2016-02-02"
"Premier_League","2015-12-28","19","2-0","Arsenal-Bournemouth","2-0","25","2016-02-07"
"Premier_League","2015-12-28","19","0-0","Crystal Palace-Swansea City","1-1","25","2016-02-06"
"Premier_League","2015-12-28","19","3-4","Everton-Stoke City","3-0","25","2016-02-06"
"Premier_League","2015-12-29","19","0-0","Leicester City-Manchester City","3-1","25","2016-02-06"
"Premier_League","2015-12-28","19","0-0","Manchester United-Chelsea","1-1","25","2016-02-07"
"Premier_League","2015-12-28","19","2-0","Norwich City-Aston Villa","0-2","25","2016-02-06"
"Premier_League","2015-12-30","19","0-1","Sunderland-Liverpool","2-2","25","2016-02-06"
"Premier_League","2015-12-28","19","1-2","Watford-Tottenham Hotspur","0-1","25","2016-02-06"
"Premier_League","2015-12-28","19","1-0","West Bromwich Albion-Newcastle United","0-1","25","2016-02-06"
"Premier_League","2015-12-28","19","2-1","West Ham United-Southampton","0-1","25","2016-02-06"
"Serie_A","2015-08-23","1","1-3","Empoli-Chievo","1-1","20","2016-01-17"
"Serie_A","2015-08-23","1","2-0","Fiorentina-Milan","0-2","20","2016-01-17"
"Serie_A","2015-08-23","1","1-2","Frosinone-Torino","2-4","20","2016-01-16"
"Serie_A","2015-08-22","1","1-1","Hellas Verona-AS Roma","1-1","20","2016-01-17"
"Serie_A","2015-08-23","1","1-0","Inter-Atalanta","1-1","20","2016-01-16"
"Serie_A","2015-08-23","1","0-1","Juventus-Udinese","4-0","20","2016-01-17"
"Serie_A","2015-08-22","1","2-1","Lazio-Bologna","2-2","20","2016-01-17"
"Serie_A","2015-08-23","1","1-0","Palermo-Genoa","0-4","20","2016-01-17"
"Serie_A","2015-08-23","1","5-2","Sampdoria-Carpi","1-2","20","2016-01-17"
"Serie_A","2015-08-23","1","2-1","Sassuolo-Napoli","1-3","20","2016-01-16"
"Serie_A","2015-08-30","2","2-1","AS Roma-Juventus","0-1","21","2016-01-24"
"Serie_A","2015-08-30","2","2-0","Atalanta-Frosinone","0-0","21","2016-01-23"
"Serie_A","2015-08-29","2","0-1","Bologna-Sassuolo","2-0","21","2016-01-24"
"Serie_A","2015-08-30","2","1-2","Carpi-Inter","1-1","21","2016-01-24"
"Serie_A","2015-08-30","2","4-0","Chievo-Lazio","1-4","21","2016-01-24"
"Serie_A","2015-08-30","2","2-0","Genoa-Hellas Verona","1-1","21","2016-01-24"
"Serie_A","2015-08-29","2","2-1","Milan-Empoli","2-2","21","2016-01-23"
"Serie_A","2015-08-30","2","2-2","Napoli-Sampdoria","4-2","21","2016-01-24"
"Serie_A","2015-08-30","2","3-1","Torino-Fiorentina","0-2","21","2016-01-24"
"Serie_A","2015-08-30","2","0-1","Udinese-Palermo","1-4","21","2016-01-24"
"Serie_A","2015-09-13","3","2-2","Empoli-Napoli","1-5","22","2016-01-31"
"Serie_A","2015-09-12","3","1-0","Fiorentina-Genoa","0-0","22","2016-01-31"
"Serie_A","2015-09-12","3","0-2","Frosinone-AS Roma","1-3","22","2016-01-30"
"Serie_A","2015-09-13","3","2-2","Hellas Verona-Torino","0-0","22","2016-01-31"
"Serie_A","2015-09-13","3","1-0","Inter-Milan","0-3","22","2016-01-31"
"Serie_A","2015-09-12","3","1-1","Juventus-Chievo","4-0","22","2016-01-31"
"Serie_A","2015-09-13","3","2-0","Lazio-Udinese","0-0","22","2016-01-31"
"Serie_A","2015-09-13","3","2-2","Palermo-Carpi","1-1","22","2016-01-30"
"Serie_A","2015-09-14","3","2-0","Sampdoria-Bologna","2-3","22","2016-01-31"
"Serie_A","2015-09-13","3","2-2","Sassuolo-Atalanta","1-1","22","2016-01-30"
"Serie_A","2015-09-20","4","2-2","AS Roma-Sassuolo","2-0","23","2016-02-02"
"Serie_A","2015-09-20","4","1-1","Atalanta-Hellas Verona","1-2","23","2016-02-03"
"Serie_A","2015-09-20","4","1-0","Bologna-Frosinone","0-1","23","2016-02-03"
"Serie_A","2015-09-20","4","0-1","Carpi-Fiorentina","1-2","23","2016-02-03"
"Serie_A","2015-09-20","4","0-1","Chievo-Inter","0-1","23","2016-02-03"
"Serie_A","2015-09-20","4","0-2","Genoa-Juventus","0-1","23","2016-02-03"
"Serie_A","2015-09-19","4","3-2","Milan-Palermo","2-0","23","2016-02-03"
"Serie_A","2015-09-20","4","5-0","Napoli-Lazio","2-0","23","2016-02-03"
"Serie_A","2015-09-20","4","2-0","Torino-Sampdoria","2-2","23","2016-02-03"
"Serie_A","2015-09-19","4","1-2","Udinese-Empoli","1-1","23","2016-02-03"
"Serie_A","2015-09-23","5","0-0","Carpi-Napoli","0-1","24","2016-02-07"
"Serie_A","2015-09-23","5","1-0","Chievo-Torino","2-1","24","2016-02-07"
"Serie_A","2015-09-24","5","0-1","Empoli-Atalanta","0-0","24","2016-02-07"
"Serie_A","2015-09-23","5","2-0","Fiorentina-Bologna","1-1","24","2016-02-06"
"Serie_A","2015-09-23","5","1-0","Inter-Hellas Verona","3-3","24","2016-02-07"
"Serie_A","2015-09-23","5","1-1","Juventus-Frosinone","2-0","24","2016-02-07"
"Serie_A","2015-09-23","5","2-0","Lazio-Genoa","0-0","24","2016-02-06"
"Serie_A","2015-09-23","5","0-1","Palermo-Sassuolo","2-2","24","2016-02-07"
"Serie_A","2015-09-23","5","2-1","Sampdoria-AS Roma","1-2","24","2016-02-07"
"Serie_A","2015-09-22","5","2-3","Udinese-Milan","1-1","24","2016-02-07"
"Serie_A","2015-09-26","6","5-1","AS Roma-Carpi","3-1","25","2016-02-12"
"Serie_A","2015-09-28","6","2-1","Atalanta-Sampdoria","0-0","25","2016-02-14"
"Serie_A","2015-09-27","6","1-2","Bologna-Udinese","1-0","25","2016-02-14"
"Serie_A","2015-09-28","6","2-0","Frosinone-Empoli","2-1","25","2016-02-13"
"Serie_A","2015-09-27","6","1-0","Genoa-Milan","1-2","25","2016-02-14"
"Serie_A","2015-09-27","6","1-2","Hellas Verona-Lazio","2-5","25","2016-02-11"
"Serie_A","2015-09-27","6","1-4","Inter-Fiorentina","1-2","25","2016-02-14"
"Serie_A","2015-09-26","6","2-1","Napoli-Juventus","0-1","25","2016-02-13"
"Serie_A","2015-09-27","6","1-1","Sassuolo-Chievo","1-1","25","2016-02-13"
"Serie_A","2015-09-27","6","2-1","Torino-Palermo","3-1","25","2016-02-14"
"Serie_A","2015-10-03","7","2-1","Carpi-Torino","0-0","26","2016-02-21"
"Serie_A","2015-10-03","7","1-1","Chievo-Hellas Verona","1-3","26","2016-02-20"
"Serie_A","2015-10-04","7","1-0","Empoli-Sassuolo","2-3","26","2016-02-21"
"Serie_A","2015-10-04","7","3-0","Fiorentina-Atalanta","3-2","26","2016-02-21"
"Serie_A","2015-10-04","7","3-1","Juventus-Bologna","0-0","26","2016-02-19"
"Serie_A","2015-10-04","7","2-0","Lazio-Frosinone","0-0","26","2016-02-21"
"Serie_A","2015-10-04","7","0-4","Milan-Napoli","1-1","26","2016-02-22"
"Serie_A","2015-10-04","7","2-4","Palermo-AS Roma","0-5","26","2016-02-21"
"Serie_A","2015-10-04","7","1-1","Sampdoria-Inter","1-3","26","2016-02-20"
"Serie_A","2015-10-04","7","1-1","Udinese-Genoa","1-2","26","2016-02-21"
"Serie_A","2015-10-17","8","3-1","AS Roma-Empoli","3-1","27","2016-02-27"
"Serie_A","2015-10-18","8","3-0","Atalanta-Carpi","1-1","27","2016-02-28"
"Serie_A","2015-10-18","8","0-1","Bologna-Palermo","0-0","27","2016-02-28"
"Serie_A","2015-10-18","8","2-0","Frosinone-Sampdoria","0-2","27","2016-02-28"
"Serie_A","2015-10-18","8","3-2","Genoa-Chievo","0-1","27","2016-02-28"
"Serie_A","2015-10-18","8","1-1","Hellas Verona-Udinese","0-2","27","2016-02-28"
"Serie_A","2015-10-18","8","0-0","Inter-Juventus","0-2","27","2016-02-28"
"Serie_A","2015-10-18","8","2-1","Napoli-Fiorentina","1-1","27","2016-02-29"
"Serie_A","2015-10-18","8","2-1","Sassuolo-Lazio","2-0","27","2016-02-29"
"Serie_A","2015-10-17","8","1-1","Torino-Milan","0-1","27","2016-02-27"
"Serie_A","2015-10-24","9","1-2","Carpi-Bologna","0-0","28","2016-03-06"
"Serie_A","2015-10-25","9","0-1","Chievo-Napoli","1-3","28","2016-03-05"
"Serie_A","2015-10-24","9","2-0","Empoli-Genoa","0-1","28","2016-03-06"
"Serie_A","2015-10-25","9","1-2","Fiorentina-AS Roma","1-4","28","2016-03-04"
"Serie_A","2015-10-25","9","2-0","Juventus-Atalanta","2-0","28","2016-03-06"
"Serie_A","2015-10-25","9","3-0","Lazio-Torino","1-1","28","2016-03-06"
"Serie_A","2015-10-25","9","2-1","Milan-Sassuolo","0-2","28","2016-03-06"
"Serie_A","2015-10-24","9","1-1","Palermo-Inter","1-3","28","2016-03-06"
"Serie_A","2015-10-25","9","4-1","Sampdoria-Hellas Verona","3-0","28","2016-03-05"
"Serie_A","2015-10-25","9","1-0","Udinese-Frosinone","0-2","28","2016-03-06"
"Serie_A","2015-10-28","10","3-1","AS Roma-Udinese","2-1","29","2016-03-13"
"Serie_A","2015-10-28","10","2-1","Atalanta-Lazio","0-2","29","2016-03-13"
"Serie_A","2015-10-27","10","0-1","Bologna-Inter","1-2","29","2016-03-12"
"Serie_A","2015-10-28","10","2-1","Frosinone-Carpi","1-2","29","2016-03-13"
"Serie_A","2015-10-28","10","0-2","Hellas Verona-Fiorentina","1-1","29","2016-03-13"
"Serie_A","2015-10-28","10","1-0","Milan-Chievo","0-0","29","2016-03-13"
"Serie_A","2015-10-28","10","2-0","Napoli-Palermo","1-0","29","2016-03-13"
"Serie_A","2015-10-29","10","1-1","Sampdoria-Empoli","1-1","29","2016-03-12"
"Serie_A","2015-10-28","10","1-0","Sassuolo-Juventus","0-1","29","2016-03-11"
"Serie_A","2015-10-28","10","3-3","Torino-Genoa","2-3","29","2016-03-13"
"Serie_A","2015-11-01","11","3-0","Bologna-Atalanta","0-2","30","2016-03-20"
"Serie_A","2015-11-01","11","0-0","Carpi-Hellas Verona","2-1","30","2016-03-20"
"Serie_A","2015-11-02","11","1-1","Chievo-Sampdoria","1-0","30","2016-03-20"
"Serie_A","2015-11-01","11","4-1","Fiorentina-Frosinone","0-0","30","2016-03-20"
"Serie_A","2015-11-01","11","0-0","Genoa-Napoli","1-3","30","2016-03-20"
"Serie_A","2015-10-31","11","1-0","Inter-AS Roma","1-1","30","2016-03-19"
"Serie_A","2015-10-31","11","2-1","Juventus-Torino","4-1","30","2016-03-20"
"Serie_A","2015-11-01","11","1-3","Lazio-Milan","1-1","30","2016-03-20"
"Serie_A","2015-11-02","11","0-1","Palermo-Empoli","0-0","30","2016-03-19"
"Serie_A","2015-11-01","11","0-0","Udinese-Sassuolo","1-1","30","2016-03-20"
"Serie_A","2015-11-08","12","2-0","AS Roma-Lazio","4-1","31","2016-04-03"
"Serie_A","2015-11-08","12","1-3","Empoli-Juventus","0-1","31","2016-04-02"
"Serie_A","2015-11-08","12","2-2","Frosinone-Genoa","0-4","31","2016-04-03"
"Serie_A","2015-11-07","12","0-2","Hellas Verona-Bologna","1-0","31","2016-04-04"
"Serie_A","2015-11-07","12","0-0","Milan-Atalanta","1-2","31","2016-04-03"
"Serie_A","2015-11-08","12","1-0","Napoli-Udinese","1-3","31","2016-04-03"
"Serie_A","2015-11-08","12","1-0","Palermo-Chievo","1-3","31","2016-04-03"
"Serie_A","2015-11-08","12","0-2","Sampdoria-Fiorentina","1-1","31","2016-04-03"
"Serie_A","2015-11-08","12","1-0","Sassuolo-Carpi","3-1","31","2016-04-02"
"Serie_A","2015-11-08","12","0-1","Torino-Inter","2-1","31","2016-04-03"
"Serie_A","2015-11-22","13","0-1","Atalanta-Torino","1-2","32","2016-04-10"
"Serie_A","2015-11-21","13","2-2","Bologna-AS Roma","1-1","32","2016-04-11"
"Serie_A","2015-11-22","13","1-2","Carpi-Chievo","0-1","32","2016-04-09"
"Serie_A","2015-11-22","13","2-2","Fiorentina-Empoli","0-2","32","2016-04-10"
"Serie_A","2015-11-22","13","2-1","Genoa-Sassuolo","1-0","32","2016-04-09"
"Serie_A","2015-11-22","13","0-2","Hellas Verona-Napoli","0-3","32","2016-04-10"
"Serie_A","2015-11-22","13","4-0","Inter-Frosinone","1-0","32","2016-04-09"
"Serie_A","2015-11-21","13","1-0","Juventus-Milan","2-1","32","2016-04-09"
"Serie_A","2015-11-22","13","1-1","Lazio-Palermo","3-0","32","2016-04-10"
"Serie_A","2015-11-22","13","1-0","Udinese-Sampdoria","0-2","32","2016-04-10"
"Serie_A","2015-11-29","14","0-2","AS Roma-Atalanta","3-3","33","2016-04-17"
"Serie_A","2015-11-29","14","2-3","Chievo-Udinese","0-0","33","2016-04-17"
"Serie_A","2015-11-29","14","1-0","Empoli-Lazio","0-2","33","2016-04-17"
"Serie_A","2015-11-29","14","3-2","Frosinone-Hellas Verona","2-1","33","2016-04-17"
"Serie_A","2015-11-29","14","1-2","Genoa-Carpi","1-4","33","2016-04-16"
"Serie_A","2015-11-28","14","4-1","Milan-Sampdoria","1-0","33","2016-04-17"
"Serie_A","2015-11-30","14","2-1","Napoli-Inter","0-2","33","2016-04-16"
"Serie_A","2015-11-29","14","0-3","Palermo-Juventus","0-4","33","2016-04-17"
"Serie_A","2015-11-30","14","1-1","Sassuolo-Fiorentina","1-3","33","2016-04-17"
"Serie_A","2015-11-28","14","2-0","Torino-Bologna","1-0","33","2016-04-16"
"Serie_A","2015-12-06","15","3-0","Atalanta-Palermo","2-2","34","2016-04-20"
"Serie_A","2015-12-06","15","3-2","Bologna-Napoli","0-6","34","2016-04-19"
"Serie_A","2015-12-06","15","0-0","Carpi-Milan","0-0","34","2016-04-21"
"Serie_A","2015-12-06","15","3-0","Fiorentina-Udinese","1-2","34","2016-04-20"
"Serie_A","2015-12-06","15","0-2","Frosinone-Chievo","1-5","34","2016-04-20"
"Serie_A","2015-12-06","15","0-1","Hellas Verona-Empoli","0-1","34","2016-04-20"
"Serie_A","2015-12-05","15","1-0","Inter-Genoa","0-1","34","2016-04-20"
"Serie_A","2015-12-04","15","0-2","Lazio-Juventus","0-3","34","2016-04-20"
"Serie_A","2015-12-06","15","1-3","Sampdoria-Sassuolo","0-0","34","2016-04-20"
"Serie_A","2015-12-05","15","1-1","Torino-AS Roma","2-3","34","2016-04-20"
"Serie_A","2015-12-13","16","1-0","Chievo-Atalanta","0-1","35","2016-04-24"
"Serie_A","2015-12-13","16","3-0","Empoli-Carpi","0-1","35","2016-04-25"
"Serie_A","2015-12-12","16","0-1","Genoa-Bologna","0-2","35","2016-04-24"
"Serie_A","2015-12-13","16","3-1","Juventus-Fiorentina","2-1","35","2016-04-24"
"Serie_A","2015-12-14","16","1-1","Lazio-Sampdoria","1-2","35","2016-04-24"
"Serie_A","2015-12-13","16","1-1","Milan-Hellas Verona","1-2","35","2016-04-25"
"Serie_A","2015-12-13","16","0-0","Napoli-AS Roma","0-1","35","2016-04-25"
"Serie_A","2015-12-12","16","4-1","Palermo-Frosinone","2-0","35","2016-04-24"
"Serie_A","2016-01-20","16","1-1","Sassuolo-Torino","3-1","35","2016-04-24"
"Serie_A","2015-12-12","16","0-4","Udinese-Inter","1-3","35","2016-04-23"
"Serie_A","2015-12-20","17","2-0","AS Roma-Genoa","3-2","36","2016-05-02"
"Serie_A","2015-12-20","17","1-3","Atalanta-Napoli","1-2","36","2016-05-02"
"Serie_A","2015-12-19","17","2-3","Bologna-Empoli","0-0","36","2016-05-01"
"Serie_A","2015-12-20","17","2-3","Carpi-Juventus","0-2","36","2016-05-01"
"Serie_A","2015-12-20","17","2-0","Fiorentina-Chievo","0-0","36","2016-04-30"
"Serie_A","2015-12-20","17","2-4","Frosinone-Milan","3-3","36","2016-05-01"
"Serie_A","2015-12-20","17","1-1","Hellas Verona-Sassuolo","0-1","36","2016-05-01"
"Serie_A","2015-12-20","17","1-2","Inter-Lazio","0-2","36","2016-05-01"
"Serie_A","2015-12-20","17","2-0","Sampdoria-Palermo","0-2","36","2016-05-01"
"Serie_A","2015-12-20","17","0-1","Torino-Udinese","5-1","36","2016-04-30"
"Serie_A","2016-01-06","18","3-3","Chievo-AS Roma","0-3","37","2016-05-08"
"Serie_A","2016-01-06","18","0-1","Empoli-Inter","1-2","37","2016-05-07"
"Serie_A","2016-01-05","18","2-3","Genoa-Sampdoria","3-0","37","2016-05-08"
"Serie_A","2016-01-06","18","3-0","Juventus-Hellas Verona","1-2","37","2016-05-08"
"Serie_A","2016-01-06","18","0-0","Lazio-Carpi","3-1","37","2016-05-08"
"Serie_A","2016-01-06","18","0-1","Milan-Bologna","1-0","37","2016-05-07"
"Serie_A","2016-01-06","18","2-1","Napoli-Torino","2-1","37","2016-05-08"
"Serie_A","2016-01-06","18","1-3","Palermo-Fiorentina","0-0","37","2016-05-08"
"Serie_A","2016-01-06","18","2-2","Sassuolo-Frosinone","1-0","37","2016-05-08"
"Serie_A","2016-01-06","18","2-1","Udinese-Atalanta","1-1","37","2016-05-08"
"Serie_A","2016-01-09","19","1-1","AS Roma-Milan","3-1","38","2016-05-14"
"Serie_A","2016-01-10","19","0-2","Atalanta-Genoa","2-1","38","2016-05-15"
"Serie_A","2016-01-10","19","0-1","Bologna-Chievo","0-0","38","2016-05-15"
"Serie_A","2016-01-09","19","2-1","Carpi-Udinese","2-1","38","2016-05-15"
"Serie_A","2016-01-09","19","1-3","Fiorentina-Lazio","4-2","38","2016-05-15"
"Serie_A","2016-01-10","19","1-5","Frosinone-Napoli","0-4","38","2016-05-14"
"Serie_A","2016-01-10","19","0-1","Hellas Verona-Palermo","2-3","38","2016-05-15"
"Serie_A","2016-01-10","19","0-1","Inter-Sassuolo","1-3","38","2016-05-14"
"Serie_A","2016-01-10","19","1-2","Sampdoria-Juventus","0-5","38","2016-05-14"
"Serie_A","2016-01-10","19","0-1","Torino-Empoli","1-2","38","2016-05-15"
