"ID_C","ID_S","Nome","Città","Fondazione","Stadio","Scudetti","TOT","ATT","CEN","DIF"
"4769","6391","GFC Ajaccio","Ajaccio","1910-00-00","Stade Ange Casanova","0","69","69","69","68"
"13274","6413","PEC Zwolle","Zwolle","1910-00-00","IJsseldeltastadion","0","68","67","68","69"
"13274","7788","SC Cambuur","Leeuwarden","1964-00-00","Cambuur Stadion","0","66","66","67","66"
"4769","7794","SC Bastia","Bastia","1905-00-00","Armand Cesari","0","70","69","70","71"
"4769","7819","SM Caen","Caen","1913-00-00","Stadio Michel d'Ornano","0","72","73","71","71"
"21518","7878","Granada CF","Granada","1931-00-00","Nuevo Los Carmenes","0","73","73","73","72"
"10257","7943","Sassuolo","Sassuolo","1920-00-00","Mapei Stadium","0","74","75","73","74"
"4769","8121","Angers SCO","Angers","1919-00-00","Jean Bouin","0","70","69","70","71"
"7809","8177","Hertha BSC Berlin","Berlino","1892-00-00","Olympiastadion","2","75","73","76","76"
"7809","8178","Bayer 04 Leverkusen","Leverkusen","1904-00-00","BayArena","0","77","78","77","76"
"1729","8197","Leicester City","Leicester","1884-00-00","King Power Stadium","1","77","77","78","75"
"7809","8226","TSG 1899 Hoffenheim","Sinsheim","1899-00-00","Wirsol Rhein-Neckar-Arena","0","76","78","74","77"
"7809","8234","FC Ingolstadt 04","Ingolstadt","2004-00-00","Audi-Sportpark","0","72","70","73","73"
"7809","8262","SV Darmstadt 98","Darmstadt","1898-00-00","Jonathan Heimes Stadion","0","71","70","72","72"
"13274","8277","Vitesse","Arnhem","1892-00-00","Gelredome","0","70","68","73","70"
"21518","8302","Sevilla FC","Siviglia","1890-00-00","Estadio Ramón Sánchez-Pizjuán","1","78","77","78","78"
"21518","8305","Getafe CF","Getafe","1946-00-00","Coliseum Alfonso Perez","0","73","73","74","72"
"21518","8306","UD Las Palmas","Las Palmas de Gran Canaria","1949-00-00","Estadio de Gran Canaria","0","75","78","73","74"
"21518","8315","Athletic Bilbao","Bilbao","1898-00-00","San Mamés","8","77","77","77","78"
"21518","8370","Rayo Vallecano","Madrid","1924-00-00","Campo de Fútbol de Vallecas","0","72","71","72","72"
"21518","8372","SD Eibar","Eibar","1940-00-00","Municipal de Ipurua","0","75","77","74","73"
"7809","8406","FC Augsburg","Augsburg","1907-00-00","WWK Arena","0","74","73","74","74"
"1729","8455","Chelsea","Londra","1905-00-00","Stamford Bridge","6","81","83","80","80"
"1729","8456","Manchester City","Manchester","1880-00-00","Etihad Stadium","4","81","82","82","79"
"13274","8464","N.E.C.","Nimega","1900-00-00","Goffertstadion","0","67","66","69","67"
"1729","8466","Southampton","Southampton","1885-00-00","St. Mary's Stadium","0","77","78","78","75"
"1729","8472","Sunderland","Sunderland","1879-00-00","Stadium of Light","6","72","72","73","72"
"10257","8524","Atalanta","Bergamo","1907-00-00","Atleti Azzurri d'Italia","0","74","75","74","72"
"13274","8525","Willem II","Tilburg","1896-00-00","Willem II","3","68","67","67","69"
"13274","8526","De Graafschap","Doetinchem","1954-00-00","Stadion De Vijverberg","0","66","67","65","66"
"10257","8533","Chievo","Chievo","1929-00-00","Marcantonio Bentegodi","0","74","74","75","73"
"10257","8534","Empoli","Empoli","1920-00-00","Carlo Castellani","0","72","72","72","71"
"10257","8535","Fiorentina","Firenze","1926-00-00","Artemio Franchi","2","77","78","78","76"
"10257","8540","Palermo","Palermo","1900-00-00","Renzo Barbera","0","71","70","73","71"
"10257","8543","Lazio","Roma","1900-00-00","Stadio Olimpico","2","76","75","78","76"
"21518","8558","RCD Espanyol","Barcellona","1900-00-00","Estadi Cornellà-El Prat","0","75","78","74","74"
"21518","8560","Real Sociedad","San Sebastian","1909-00-00","Anoeta","2","76","76","77","76"
"10257","8564","Milan","Milano","1899-00-00","Giuseppe Meazza","18","78","78","77","78"
"21518","8581","Levante UD","Valencia","1909-00-00","Ciutat de Valencia","0","74","75","73","73"
"1729","8586","Tottenham Hotspur","Londra","1882-00-00","Wembley Stadium","2","83","88","79","82"
"4769","8592","Olympique de Marseille","Marsiglia","1899-00-00","Stadio Velodrome","9","75","73","77","76"
"13274","8593","Ajax","Amsterdam","1900-00-00","Johann Cruijff ArenA","33","75","74","76","74"
"10257","8600","Udinese","Udine","1896-00-00","Dacia Arena","0","74","74","74","75"
"21518","8603","Real Betis Balompie","Siviglia","1907-00-00","Stadio Benito Villamarín","1","74","75","74","74"
"13274","8611","FC Twente","Enschede","1965-00-00","De Grolsch Veste","1","69","65","73","69"
"21518","8633","Real Madrid","Madrid","1902-00-00","Santiago Bernabéu","33","84","84","85","83"
"21518","8634","FC Barcelona","Barcellona","1899-00-00","Camp Nou","24","84","86","84","82"
"10257","8636","Inter","Milano","1908-00-00","Giuseppe Meazza","18","79","80","78","79"
"4769","8639","LOSC Lille","Lille","1944-00-00","Stade Pierre-Mauroy","3","74","72","74","76"
"13274","8640","PSV","Eindhoven","1913-00-00","Philips Stadion","23","76","75","77","75"
"1729","8650","Liverpool","Liverpool","1989-00-00","Anfield","18","77","79","77","74"
"1729","8654","West Ham United","Londra","1895-00-00","London Stadium","0","75","73","76","75"
"1729","8659","West Bromwich Albion","West Bromwich","1878-00-00","The Hawthorns","1","74","73","74","74"
"1729","8668","Everton","Liverpool","1878-00-00","Goodison Park","9","76","79","76","74"
"13274","8674","FC Groningen","Gronigen","1971-00-00","Euroborg","0","70","70","72","69"
"1729","8678","Bournemouth","Bournemouth","1899-00-00","Vitality Stadium","0","74","74","74","75"
"10257","8686","AS Roma","Roma","1927-00-00","Stadio Olimpico","3","80","80","81","78"
"4769","8689","FC Lorient","Lorient","1926-00-00","Stade du Moustoir","0","71","72","71","70"
"7809","8697","SV Werder Bremen","Brema","1899-00-00","Weserstadion","4","72","72","73","72"
"7809","8721","VfL Wolfsburg","Wolfsburg","1945-00-00","Volkswagen Arena","1","78","79","78","77"
"7809","8722","1. FC Koln","Colonia","1948-00-00","RheinEnergieStadion","3","75","75","73","76"
"4769","9747","En Avant de Guingamp","Guingamp","1912-00-00","Stade de Roudourou","0","71","72","72","70"
"4769","9748","Olympique Lyonnais","Lione","1950-00-00","Parc OL","7","76","78","75","76"
"21518","9783","RC Deportivo de La Coruna","A Coruna","1906-00-00","Riazor","1","75","77","74","73"
"7809","9788","Borussia Monchengladbach","Monchengladbach","1900-00-00","Stadion im Borussia-Park","5","77","77","79","76"
"7809","9789","Borussia Dortmund","Dortmund","1909-00-00","Signal Iduna Park","8","80","81","81","79"
"7809","9790","Hamburger SV","Amburgo","1887-00-00","Volksparkstadion","6","73","71","74","74"
"13274","9791","Heracles Almelo","Almelo","1903-00-00","Polman Stadion","1","68","68","69","68"
"13274","9803","Roda JC Kerkrade","Kerkrade","1962-00-00","Parkstad Limburg Stadion","1","67","68","68","66"
"10257","9804","Torino","Torino","1906-00-00","Olimpico Grande Torino","7","76","80","74","75"
"7809","9810","Eintracht Frankfurt","Frankfurt","1899-00-00","Commerzbank-Arena","1","73","72","73","75"
"1729","9817","Watford","Watford","1881-00-00","Vicarage Road","0","74","74","73","76"
"7809","9823","FC Bayern Munich","Munich","1900-00-00","Allianz Arena","27","85","88","84","83"
"1729","9825","Arsenal","Londra","1886-00-00","Emirates Stadium","13","81","83","79","80"
"1729","9826","Crystal Palace","Londra","1905-00-00","Selhurst Park","0","74","75","73","73"
"4769","9827","Girondins de Bordeaux","Bordeaux","1881-00-00","Matmut-Atlantique","6","73","75","70","74"
"4769","9829","AS Monaco","Monaco","1924-00-00","Stade Louis II","8","78","78","77","78"
"4769","9830","FC Nantes","Nantes","1943-00-00","La Beaujoire-Louis Fonteneau","8","73","74","72","72"
"4769","9831","OGC Nice","Nizza","1904-00-00","Allianz Riviera","4","71","70","72","71"
"4769","9837","Stade de Reims","Reims","1931-00-00","Stade Auguste Delaune","6","70","72","68","69"
"4769","9847","Paris Saint-Germain","Parigi","1970-00-00","Parc des Princes","6","81","80","82","80"
"1729","9850","Norwich City","Norwich","1902-00-00","Carrow Road","0","72","73","72","72"
"4769","9851","Stade Rennais FC","Rennais","1901-00-00","Stade de la Route de Lorient","0","74","76","74","73"
"4769","9853","AS Saint-Etienne","Saint-Etienne","1919-00-00","Geoffroy-Guichard","10","73","73","73","73"
"10257","9857","Bologna","Bologna","1909-00-00","Renato Dall'Ara","7","73","72","73","73"
"21518","9864","Malaga CF","Malaga","1904-00-00","La Rosaleda","0","75","74","76","75"
"21518","9869","Real Sporting de Gijon","Gijon","1905-00-00","El Molinón","0","74","75","73","73"
"10257","9875","Napoli","Napoli","1926-00-00","San Paolo","2","81","85","80","79"
"10257","9876","Hellas Verona","Verona","1903-00-00","Marcantonio Bentegodi","1","72","73","72","71"
"10257","9882","Sampdoria","Genova","1946-00-00","Luigi Ferraris","1","74","74","74","75"
"10257","9885","Juventus","Torino","1897-00-00","Juventus Stadium","33","82","83","83","81"
"10257","9891","Frosinone","Frosinone","1912-00-00","Benito Stirpe","0","70","72","69","68"
"7809","9904","Hannover 96","Hannover","1896-00-00","HDI-Arena","2","72","71","72","73"
"7809","9905","1. FSV Mainz 05","Magonza","1905-00-00","Opel Arena","0","75","75","75","75"
"21518","9906","Atletico Madrid","Madrid","1903-00-00","Wanda Metropolitano","10","81","82","81","81"
"13274","9908","FC Utrecht","Utrecht","1970-00-00","Stadion Galgenwaard","0","70","69","72","69"
"21518","9910","RC Celta de Vigo","Vigo","1923-00-00","Balaidos","0","77","77","77","76"
"4769","9941","Toulouse FC","Tolosa","1970-00-00","Stade de Toulouse","0","74","75","73","73"
"1729","10003","Swansea City","Swansea","1912-00-00","Liberty Stadium","0","75","75","75","74"
"7809","10189","FC Schalke 04","Gelsenkirchen","1904-00-00","Veltins-Arena","7","78","77","78","78"
"1729","10194","Stoke City","Stoke-on-Trent","1863-00-00","Bet365 Stadium","0","74","75","73","74"
"21518","10205","Villarreal CF","Vila-real","1923-00-00","Estadio de la Cerámica","0","78","79","77","79"
"13274","10217","ADO Den Haag","L'Aia","1905-00-00","Kyocera Stadion","2","68","66","67","71"
"13274","10218","Excelsior","Rotterdam","1902-00-00","Stadion Woudestein","0","68","69","67","67"
"13274","10228","SC Heerenveen","Heerenveen","1920-00-00","Abe Lenstra Stadion","0","70","70","70","70"
"13274","10229","AZ","Alkmaar","1967-05-10","AFAS Stadion","2","70","70","70","70"
"10257","10233","Genoa","Genova","1893-00-00","Luigi Ferraris","9","75","76","75","75"
"13274","10235","Feyenoord","Rotterdam","1908-00-00","Feijenoord Stadion","15","73","69","75","75"
"4769","10242","ES Troyes AC","Troyes","1900-00-00","Stade de l'Aube","0","68","65","69","69"
"4769","10249","Montpellier Herault SC","Montpellier","1919-00-00","Stade de la Mosson","1","71","70","72","72"
"1729","10252","Aston Villa","Birmingham","1874-00-00","Villa Park","7","72","72","74","71"
"1729","10260","Manchester United","Manchester","1878-00-00","Old Trafford","20","79","80","80","78"
"1729","10261","Newcastle United","Newcastle","1892-00-00","St. James' Park","4","74","74","75","73"
"21518","10267","Valencia CF","Valencia","1919-00-00","Stadio Mestalla","6","78","78","78","77"
"7809","10269","VfB Stuttgart","Stoccarda","1893-00-00","Mercedes-Benz Arena","5","75","77","75","72"
"10257","208931","Carpi","Carpi","1909-00-00","Sandro Cabassi","0","72","75","71","70"
