ID_P,Data,Settimana,Squadra_C,Squadra_T,Possesso_C,Possesso_T
1983272,2015-08-11,1,10228,8526,44,56
1983273,2015-08-12,1,6413,7788,30,70
1983274,2015-08-08,1,9803,9791,38,62
1983275,2015-08-11,1,10217,8640,45,55
1983276,2015-08-08,1,10235,9908,53,47
1983277,2015-08-09,1,10229,8593,43,57
1983278,2015-08-12,1,8464,10218,54,46
1983279,2015-08-12,1,8674,8611,63,37
1983280,2015-08-09,1,8525,8277,51,49
1983281,2015-08-14,2,8277,9803,70,30
1983282,2015-08-15,2,8526,6413,64,36
1983283,2015-08-15,2,8593,8525,52,48
1983284,2015-08-15,2,8611,10217,52,48
1983285,2015-08-15,2,10218,10229,55,45
1983286,2015-08-16,2,8640,8674,54,46
1983287,2015-08-16,2,7788,10235,52,48
1983288,2015-08-16,2,9908,10228,40,60
1983289,2015-08-16,2,9791,8464,55,45
1983290,2015-08-21,3,8674,10218,63,37
1983291,2015-08-22,3,9803,8526,47,53
1983292,2015-08-22,3,10228,8640,45,55
1983293,2015-08-23,3,8464,8593,46,54
1983294,2015-08-22,3,7788,9791,59,41
1983295,2015-08-23,3,6413,8611,47,53
1983296,2015-08-23,3,10229,8525,48,52
1983297,2015-08-23,3,10217,9908,38,62
1983298,2015-08-23,3,10235,8277,52,48
1983299,2015-08-28,4,8525,8464,63,37
1983300,2015-08-29,4,9908,8674,54,46
1983301,2015-08-29,4,10228,6413,57,43
1983302,2015-08-29,4,10218,8526,52,48
1983303,2015-08-29,4,9791,8611,51,49
1983304,2015-08-30,4,8593,10217,56,44
1983305,2015-08-30,4,10229,9803,44,56
1983306,2015-08-30,4,8277,7788,40,60
1983307,2015-08-30,4,8640,10235,49,51
1983308,2015-09-12,5,8526,10229,38,62
1983309,2015-09-12,5,9803,8464,43,57
1983310,2015-09-12,5,8611,8593,42,58
1983311,2015-09-12,5,7788,8640,40,60
1983312,2015-09-12,5,6413,10218,54,46
1983313,2015-09-13,5,8674,10228,52,48
1983314,2015-09-13,5,10235,8525,61,39
1983315,2015-09-13,5,10217,9791,44,56
1983316,2015-09-13,5,9908,8277,33,67
1983317,2015-09-18,6,8464,10228,34,66
1983318,2015-09-19,6,7788,8611,53,47
1983319,2015-09-19,6,6413,10217,30,70
1983320,2015-09-19,6,9791,8640,63,37
1983321,2015-09-19,6,8525,9908,55,45
1983322,2015-09-20,6,9803,10235,54,46
1983323,2015-09-20,6,10218,8593,34,66
1983324,2015-09-20,6,8277,8526,65,35
1983325,2015-09-20,6,8674,10229,52,48
1983326,2015-09-26,7,10228,8277,44,56
1983327,2015-09-26,7,9908,7788,48,52
1983328,2015-09-26,7,8593,8674,56,44
1983329,2015-09-26,7,10229,9791,45,55
1983330,2015-09-26,7,8640,8464,54,46
1983331,2015-09-27,7,8526,8525,30,70
1983332,2015-09-27,7,10235,6413,56,44
1983333,2015-09-27,7,10217,10218,60,40
1983334,2015-09-27,7,8611,9803,62,38
1983335,2015-10-02,8,9791,10228,53,47
1983336,2015-10-03,8,8464,10217,53,47
1983337,2015-10-03,8,9803,7788,53,47
1983338,2015-10-03,8,8525,6413,55,45
1983339,2015-10-03,8,10218,9908,41,59
1983340,2015-10-04,8,8526,10235,39,61
1983341,2015-10-04,8,8593,8640,45,55
1983342,2015-10-04,8,8277,8674,51,49
1983343,2015-10-04,8,10229,8611,43,57
1983344,2015-10-17,9,7788,10229,66,34
1983345,2015-10-17,9,8674,8525,58,42
1983346,2015-10-17,9,9791,8593,48,52
1983347,2015-10-17,9,9908,9803,64,36
1983348,2015-10-17,9,8640,10218,64,36
1983349,2015-10-18,9,8611,8464,52,48
1983350,2015-10-18,9,10228,10235,49,51
1983351,2015-10-18,9,10217,8526,53,47
1983352,2015-10-18,9,6413,8277,48,52
1983353,2015-10-23,10,6413,9908,61,39
1983354,2015-10-24,10,8525,10228,67,33
1983355,2015-10-24,10,8526,9791,32,68
1983356,2015-10-24,10,8611,8640,30,70
1983357,2015-10-24,10,9803,10218,55,45
1983358,2015-10-25,10,7788,10217,50,50
1983359,2015-10-25,10,8277,8593,52,48
1983360,2015-10-25,10,8464,8674,68,32
1983361,2015-10-25,10,10235,10229,66,34
1983362,2015-10-30,11,9791,8525,42,58
1983363,2015-10-31,11,8674,6413,48,52
1983364,2015-10-31,11,8593,9803,57,43
1983365,2015-10-31,11,10218,8277,29,71
1983366,2015-10-31,11,8526,8640,29,71
1983367,2015-11-01,11,10217,10235,38,62
1983368,2015-11-01,11,10228,7788,47,53
1983369,2015-11-01,11,9908,8611,56,44
1983370,2015-11-01,11,10229,8464,56,44
1983371,2015-11-06,12,9803,10217,45,55
1983372,2015-11-07,12,8611,10228,63,37
1983373,2015-11-07,12,8464,8526,63,37
1983374,2015-11-07,12,8525,10218,64,36
1983375,2015-11-07,12,6413,9791,58,42
1983376,2015-11-08,12,8640,9908,44,56
1983377,2015-11-08,12,7788,8674,54,46
1983378,2015-11-08,12,10235,8593,46,54
1983379,2015-11-08,12,8277,10229,68,32
1983380,2015-11-21,13,10229,10228,61,39
1983381,2015-11-21,13,9803,6413,54,46
1983382,2015-11-21,13,8593,7788,60,40
1983383,2015-11-21,13,8525,8640,50,50
1983384,2015-11-21,13,8526,8674,38,62
1983385,2015-11-22,13,9791,10218,48,52
1983386,2015-11-22,13,10235,8611,61,39
1983387,2015-11-22,13,8464,9908,54,46
1983388,2015-11-22,13,10217,8277,34,66
1983389,2015-11-27,14,7788,8526,73,27
1983390,2015-11-28,14,10228,9803,72,28
1983391,2015-11-28,14,10218,10235,26,74
1983392,2015-11-28,14,8611,8525,45,55
1983393,2015-11-29,14,8277,8464,73,27
1983394,2015-11-29,14,6413,8593,38,62
1983395,2015-11-29,14,8674,10217,59,41
1983396,2015-11-29,14,9908,9791,43,57
1983397,2015-11-29,14,8640,10229,56,44
1983398,2015-12-04,15,10229,10217,59,41
1983399,2015-12-05,15,10218,8611,55,45
1983400,2015-12-05,15,8526,9908,40,60
1983401,2015-12-05,15,8277,8640,47,53
1983402,2015-12-05,15,8593,10228,53,47
1983403,2015-12-06,15,8525,7788,47,53
1983404,2015-12-06,15,10235,9791,49,51
1983405,2015-12-06,15,8464,6413,66,34
1983406,2015-12-06,15,9803,8674,49,51
1983407,2015-12-11,16,10228,10218,65,35
1983408,2015-12-12,16,8611,8526,56,44
1983409,2015-12-12,16,7788,8464,67,33
1983410,2015-12-12,16,8640,9803,68,32
1983411,2015-12-12,16,10217,8525,34,66
1983412,2015-12-13,16,9908,8593,31,69
1983413,2015-12-13,16,6413,10229,55,45
1983414,2015-12-13,16,8674,10235,40,60
1983415,2015-12-13,16,9791,8277,57,43
1983416,2015-12-18,17,8277,8611,62,38
1983417,2015-12-20,17,8525,9803,73,27
1983418,2015-12-19,17,9791,8674,56,44
1983419,2015-12-19,17,8640,6413,57,43
1983420,2015-12-19,17,10229,9908,37,63
1983421,2015-12-20,17,10218,7788,39,61
1983422,2015-12-20,17,10228,10217,64,36
1983423,2015-12-20,17,8464,10235,38,62
1983424,2015-12-20,17,8593,8526,70,30
1983425,2016-01-15,18,8611,9791,42,58
1983426,2016-01-16,18,7788,8277,56,44
1983427,2016-01-16,18,6413,10228,58,42
1983428,2016-01-16,18,9803,10229,58,42
1983429,2016-01-16,18,8526,10218,49,51
1983430,2016-01-17,18,10217,8593,30,70
1983431,2016-01-17,18,10235,8640,65,35
1983432,2016-01-17,18,8674,9908,46,54
1983433,2016-01-17,18,8464,8525,48,52
1983434,2016-01-22,19,8674,8464,54,46
1983435,2016-01-23,19,9791,8526,44,56
1983436,2016-01-23,19,8593,8277,52,48
1983437,2016-01-23,19,10218,9803,44,56
1983438,2016-01-23,19,10228,8525,49,51
1983439,2016-01-24,19,10229,10235,49,51
1983440,2016-01-24,19,9908,6413,65,35
1983441,2016-01-24,19,8640,8611,62,38
1983442,2016-01-24,19,10217,7788,41,59
1983443,2016-01-26,20,8525,8674,54,46
1983444,2016-01-26,20,8593,9791,66,34
1983445,2016-01-27,20,10229,7788,37,63
1983446,2016-01-27,20,8464,8611,57,43
1983447,2016-01-27,20,8526,10217,71,29
1983448,2016-01-27,20,10218,8640,46,54
1983449,2016-01-27,20,8277,6413,79,21
1983450,2016-01-28,20,9803,9908,48,52
1983451,2016-01-28,20,10235,10228,70,30
1983452,2016-01-29,21,8525,9791,72,28
1983453,2016-01-30,21,8277,10218,65,35
1983454,2016-01-30,21,6413,8674,52,48
1983455,2016-01-30,21,8640,8526,78,22
1983456,2016-01-30,21,8464,10229,44,56
1983457,2016-01-31,21,9803,8593,52,48
1983458,2016-01-31,21,7788,10228,57,43
1983459,2016-01-31,21,10235,10217,60,40
1983460,2016-01-31,21,8611,9908,46,54
1983461,2016-02-05,22,10218,8525,41,59
1983462,2016-02-06,22,10217,9803,62,38
1983463,2016-02-06,22,10228,8611,65,35
1983464,2016-02-06,22,10229,8277,34,66
1983465,2016-02-06,22,9791,6413,66,34
1983466,2016-02-07,22,8593,10235,68,32
1983467,2016-02-07,22,8526,8464,40,60
1983468,2016-02-07,22,8674,7788,60,40
1983469,2016-02-07,22,9908,8640,57,43
1983470,2016-02-12,23,7788,9908,43,57
1983471,2016-02-13,23,9791,10229,57,43
1983472,2016-02-13,23,8525,8526,65,35
1983473,2016-02-13,23,9803,8611,48,52
1983474,2016-02-13,23,8277,10228,61,39
1983475,2016-02-14,23,8674,8593,67,33
1983476,2016-02-14,23,6413,10235,42,58
1983477,2016-02-14,23,10218,10217,32,68
1983478,2016-02-14,23,8464,8640,48,52
1983479,2016-02-19,24,10217,6413,58,42
1983480,2016-02-20,24,10229,8674,62,38
1983481,2016-02-20,24,10228,8464,62,38
1983482,2016-02-20,24,8640,9791,65,35
1983483,2016-02-20,24,8611,7788,44,56
1983484,2016-02-21,24,10235,9803,62,38
1983485,2016-02-21,24,9908,8525,53,47
1983486,2016-02-21,24,8593,10218,75,25
1983487,2016-02-21,24,8526,8277,36,64
1983488,2016-02-26,25,10218,8464,53,47
1983489,2016-02-27,25,8611,8674,43,57
1983490,2016-02-27,25,7788,6413,77,23
1983491,2016-02-27,25,8640,10217,65,35
1983492,2016-02-27,25,8277,8525,62,38
1983493,2016-02-28,25,9791,9803,51,49
1983494,2016-02-28,25,8526,10228,57,43
1983495,2016-02-28,25,9908,10235,42,58
1983496,2016-02-28,25,8593,10229,56,44
1983497,2016-03-04,26,10217,8611,42,58
1983498,2016-03-05,26,6413,8526,55,45
1983499,2016-03-06,26,10229,10218,72,28
1983500,2016-03-05,26,8674,8640,50,50
1983501,2016-03-05,26,10228,9908,53,47
1983502,2016-03-06,26,8464,9791,63,37
1983503,2016-03-06,26,8525,8593,45,55
1983504,2016-03-06,26,9803,8277,41,59
1983505,2016-03-06,26,10235,7788,56,44
1983506,2016-03-11,27,8526,9803,52,48
1983507,2016-03-12,27,8525,10229,55,45
1983508,2016-03-12,27,8640,10228,55,45
1983509,2016-03-12,27,8611,6413,53,47
1983510,2016-03-12,27,10218,8674,46,54
1983511,2016-03-13,27,9908,10217,50,50
1983512,2016-03-13,27,9791,7788,56,44
1983513,2016-03-13,27,8277,10235,53,47
1983514,2016-03-13,27,8593,8464,61,39
1983515,2016-03-18,28,9908,10218,62,38
1983516,2016-03-19,28,10228,9791,41,59
1983517,2016-03-19,28,10235,8526,49,51
1983518,2016-03-19,28,6413,8525,58,42
1983519,2016-03-19,28,7788,9803,55,45
1983520,2016-03-20,28,8611,10229,45,55
1983521,2016-03-20,28,8674,8277,53,47
1983522,2016-03-20,28,10217,8464,63,37
1983523,2016-03-20,28,8640,8593,58,42
1983524,2016-04-02,29,9791,9908,43,57
1983525,2016-04-02,29,8526,7788,60,40
1983526,2016-04-02,29,10229,8640,37,63
1983527,2016-04-02,29,10235,10218,62,38
1983528,2016-04-02,29,8525,8611,50,50
1983529,2016-04-03,29,8464,8277,43,57
1983530,2016-04-03,29,9803,10228,52,48
1983531,2016-04-03,29,10217,8674,42,58
1983532,2016-04-03,29,8593,6413,63,37
1983533,2016-04-08,30,6413,9803,60,40
1983534,2016-04-09,30,10218,9791,56,44
1983535,2016-04-09,30,7788,8593,52,48
1983536,2016-04-09,30,8277,10217,71,29
1983537,2016-04-09,30,8640,8525,60,40
1983538,2016-04-10,30,10228,10229,53,47
1983539,2016-04-10,30,9908,8464,52,48
1983540,2016-04-10,30,8674,8526,62,38
1983541,2016-04-10,30,8611,10235,39,61
1983542,2016-04-15,31,8526,8611,51,49
1983543,2016-04-16,31,8277,9791,63,37
1983544,2016-04-16,31,10235,8674,54,46
1983545,2016-04-16,31,10229,6413,54,46
1983546,2016-04-16,31,9803,8640,39,61
1983547,2016-04-17,31,8593,9908,68,32
1983548,2016-04-17,31,8525,10217,52,48
1983549,2016-04-17,31,8464,7788,54,46
1983550,2016-04-17,31,10218,10228,48,52
1983551,2016-04-19,32,8674,9803,70,30
1983552,2016-04-19,32,8640,8277,48,52
1983553,2016-04-20,32,8611,10218,66,34
1983554,2016-04-21,32,10217,10229,50,50
1983555,2016-04-20,32,6413,8464,59,41
1983556,2016-04-20,32,10228,8593,50,50
1983557,2016-04-20,32,9908,8526,64,36
1983558,2016-04-21,32,7788,8525,49,51
1983559,2016-04-20,32,9791,10235,41,59
1983560,2016-05-01,33,10228,8674,54,46
1983561,2016-05-01,33,10229,8526,66,34
1983562,2016-05-01,33,8525,10235,47,53
1983563,2016-05-01,33,8593,8611,64,36
1983564,2016-05-01,33,8640,7788,70,30
1983565,2016-05-01,33,10218,6413,38,62
1983566,2016-05-01,33,9791,10217,50,50
1983567,2016-05-01,33,8277,9908,71,29
1983568,2016-05-01,33,8464,9803,53,47
1983569,2016-05-08,34,7788,10218,68,32
1983570,2016-05-08,34,9908,10229,66,34
1983571,2016-05-08,34,10235,8464,72,28
1983572,2016-05-08,34,6413,8640,42,58
1983573,2016-05-08,34,8526,8593,48,52
1983574,2016-05-08,34,9803,8525,43,57
1983575,2016-05-08,34,8674,9791,55,45
1983576,2016-05-08,34,10217,10228,58,42
1983577,2016-05-08,34,8611,8277,47,53
1987032,2015-08-09,1,9825,8654,56,44
1987033,2015-08-08,1,8678,10252,58,42
1987034,2015-08-08,1,8455,10003,54,46
1987035,2015-08-08,1,8668,9817,65,35
1987036,2015-08-08,1,8197,8472,46,54
1987037,2015-08-08,1,10260,8586,46,54
1987038,2015-08-09,1,10261,8466,52,48
1987039,2015-08-08,1,9850,9826,77,23
1987040,2015-08-09,1,10194,8650,47,53
1987041,2015-08-10,1,8659,8456,22,78
1987078,2015-08-14,2,10252,10260,45,55
1987079,2015-08-16,2,9826,9825,30,70
1987080,2015-08-17,2,8650,8678,55,45
1987081,2015-08-16,2,8456,8455,49,51
1987082,2015-08-15,2,8466,8668,53,47
1987083,2015-08-15,2,8472,9850,51,49
1987084,2015-08-15,2,10003,10261,61,39
1987085,2015-08-15,2,8586,10194,78,22
1987086,2015-08-15,2,9817,8659,64,36
1987087,2015-08-15,2,8654,8197,69,31
1987597,2016-05-15,38,9825,10252,92,8
1987598,2016-05-15,38,8455,8197,72,28
1987599,2016-05-15,38,8668,9850,42,58
1987600,2016-05-17,38,10260,8678,75,25
1987601,2016-05-15,38,10261,8586,47,53
1987602,2016-05-15,38,8466,9826,48,52
1987603,2016-05-15,38,10194,8654,20,80
1987604,2016-05-15,38,10003,8456,83,17
1987605,2016-05-15,38,9817,8472,39,61
1987606,2016-05-15,38,8659,8650,23,77
1988730,2015-08-24,3,9825,8650,69,31
1988731,2015-08-22,3,9826,10252,49,51
1988732,2015-08-23,3,8668,8456,49,51
1988733,2015-08-22,3,8197,8586,35,65
1988734,2015-08-22,3,10260,10261,65,35
1988735,2015-08-22,3,9850,10194,49,51
1988736,2015-08-22,3,8472,10003,37,63
1988737,2015-08-23,3,9817,8466,47,53
1988738,2015-08-23,3,8659,8455,36,64
1988739,2015-08-22,3,8654,8678,46,54
1988740,2015-08-29,4,10252,8472,66,34
1988741,2015-08-29,4,8678,8197,57,43
1988742,2015-08-29,4,8455,9826,68,32
1988743,2015-08-29,4,8650,8654,73,27
1988744,2015-08-29,4,8456,9817,61,39
1988745,2015-08-29,4,10261,9825,26,74
1988746,2015-08-30,4,8466,9850,51,49
1988747,2015-08-29,4,10194,8659,75,25
1988748,2015-08-30,4,10003,10260,40,60
1988749,2015-08-29,4,8586,8668,43,57
1988750,2015-09-12,5,9825,10194,73,27
1988751,2015-09-12,5,9826,8456,37,63
1988752,2015-09-12,5,8668,8455,51,49
1988753,2015-09-13,5,8197,10252,36,64
1988754,2015-09-12,5,10260,8650,63,37
1988755,2015-09-12,5,9850,8678,68,32
1988756,2015-09-13,5,8472,8586,48,52
1988757,2015-09-12,5,9817,10003,45,55
1988758,2015-09-12,5,8659,8466,37,63
1988759,2015-09-14,5,8654,10261,35,65
1988760,2015-09-19,6,10252,8659,50,50
1988761,2015-09-19,6,8678,8472,55,45
1988762,2015-09-19,6,8455,9825,53,47
1988763,2015-09-20,6,8650,9850,48,52
1988764,2015-09-19,6,8456,8654,61,39
1988765,2015-09-19,6,10261,9817,57,43
1988766,2015-09-20,6,8466,10260,42,58
1988767,2015-09-19,6,10194,8197,56,44
1988768,2015-09-19,6,10003,8668,46,54
1988769,2015-09-20,6,8586,9826,61,39
1988770,2015-09-26,7,8197,9825,39,61
1988771,2015-09-26,7,8650,10252,63,37
1988772,2015-09-26,7,10260,8472,67,33
1988773,2015-09-26,7,10261,8455,52,48
1988774,2015-09-26,7,8466,10003,43,57
1988775,2015-09-26,7,10194,8678,54,46
1988776,2015-09-26,7,8586,8456,52,48
1988777,2015-09-27,7,9817,9826,50,50
1988778,2015-09-28,7,8659,8668,55,45
1988779,2015-09-26,7,8654,9850,34,66
1988780,2015-10-04,8,9825,10260,65,35
1988781,2015-10-03,8,10252,10194,41,59
1988782,2015-10-03,8,8678,9817,52,48
1988783,2015-10-03,8,8455,8466,57,43
1988784,2015-10-03,8,9826,8659,55,45
1988785,2015-10-04,8,8668,8650,48,52
1988786,2015-10-03,8,8456,10261,53,47
1988787,2015-10-03,8,9850,8197,68,32
1988788,2015-10-03,8,8472,8654,59,41
1988789,2015-10-04,8,10003,8586,34,66
1988790,2015-10-17,9,8455,10252,49,51
1988791,2015-10-17,9,9826,8654,58,42
1988792,2015-10-17,9,8668,10260,43,57
1988793,2015-10-17,9,8456,8678,57,43
1988794,2015-10-18,9,10261,9850,47,53
1988795,2015-10-17,9,8466,8197,54,46
1988796,2015-10-19,9,10003,10194,53,47
1988797,2015-10-17,9,8586,8650,45,55
1988798,2015-10-17,9,9817,9825,39,61
1988799,2015-10-17,9,8659,8472,50,50
1988800,2015-10-24,10,9825,8668,60,40
1988801,2015-10-24,10,10252,10003,50,50
1988802,2015-10-25,10,8678,8586,50,50
1988803,2015-10-24,10,8197,9826,48,52
1988804,2015-10-25,10,8650,8466,66,34
1988805,2015-10-25,10,10260,8456,56,44
1988806,2015-10-24,10,9850,8659,75,25
1988807,2015-10-24,10,10194,9817,69,31
1988808,2015-10-25,10,8472,10261,30,70
1988809,2015-10-24,10,8654,8455,44,56
1988810,2015-10-31,11,8455,8650,32,68
1988811,2015-10-31,11,9826,10260,36,64
1988812,2015-11-01,11,8668,8472,69,31
1988813,2015-10-31,11,8456,9850,68,32
1988814,2015-10-31,11,10261,10194,53,47
1988815,2015-11-01,11,8466,8678,64,36
1988816,2015-10-31,11,10003,9825,58,42
1988817,2015-11-02,11,8586,10252,63,37
1988818,2015-10-31,11,9817,8654,51,49
1988819,2015-10-31,11,8659,8197,45,55
1988820,2015-11-08,12,9825,8586,60,40
1988821,2015-11-08,12,10252,8456,49,51
1988822,2015-11-07,12,8678,10261,61,39
1988823,2015-11-07,12,8197,9817,41,59
1988824,2015-11-08,12,8650,9826,55,45
1988825,2015-11-07,12,10260,8659,76,24
1988826,2015-11-07,12,9850,10003,30,70
1988827,2015-11-07,12,10194,8455,37,63
1988828,2015-11-07,12,8472,8466,34,66
1988829,2015-11-07,12,8654,8668,57,43
1988830,2015-11-21,13,8455,9850,65,35
1988831,2015-11-23,13,9826,8472,65,35
1988832,2015-11-21,13,8668,10252,75,25
1988833,2015-11-21,13,8456,8650,62,38
1988834,2015-11-21,13,10261,8197,50,50
1988835,2015-11-21,13,8466,10194,52,48
1988836,2015-11-21,13,10003,8678,44,56
1988837,2015-11-22,13,8586,8654,66,34
1988838,2015-11-21,13,9817,10260,41,59
1988839,2015-11-21,13,8659,9825,32,68
1988840,2015-11-28,14,10252,9817,68,32
1988841,2015-11-28,14,8678,8668,47,53
1988842,2015-11-28,14,9826,10261,51,49
1988843,2015-11-28,14,8197,10260,32,68
1988844,2015-11-29,14,8650,10003,66,34
1988845,2015-11-28,14,8456,8466,57,43
1988846,2015-11-29,14,9850,9825,25,75
1988847,2015-11-28,14,8472,10194,50,50
1988848,2015-11-29,14,8586,8455,59,41
1988849,2015-11-29,14,8654,8659,60,40
1988850,2015-12-05,15,9825,8472,72,28
1988851,2015-12-05,15,8455,8678,66,34
1988852,2015-12-07,15,8668,9826,58,42
1988853,2015-12-05,15,10260,8654,56,44
1988854,2015-12-06,15,10261,8650,42,58
1988855,2015-12-05,15,8466,10252,53,47
1988856,2015-12-05,15,10194,8456,32,68
1988857,2015-12-05,15,10003,8197,65,35
1988858,2015-12-05,15,9817,9850,64,36
1988859,2015-12-05,15,8659,8586,33,67
1988860,2015-12-13,16,10252,9825,52,48
1988861,2015-12-12,16,8678,10260,40,60
1988862,2015-12-12,16,9826,8466,43,57
1988863,2015-12-14,16,8197,8455,48,52
1988864,2015-12-13,16,8650,8659,63,37
1988865,2015-12-12,16,8456,10003,58,42
1988866,2015-12-12,16,9850,8668,47,53
1988867,2015-12-12,16,8472,9817,40,60
1988868,2015-12-13,16,8586,10261,65,35
1988869,2015-12-12,16,8654,10194,46,54
1988870,2015-12-21,17,9825,8456,42,58
1988871,2015-12-19,17,8455,8472,67,33
1988872,2015-12-19,17,8668,8197,67,33
1988873,2015-12-19,17,10260,9850,73,27
1988874,2015-12-19,17,10261,10252,52,48
1988875,2015-12-19,17,8466,8586,49,51
1988876,2015-12-19,17,10194,9826,59,41
1988877,2015-12-20,17,10003,8654,77,23
1988878,2015-12-20,17,9817,8650,34,66
1988879,2015-12-19,17,8659,8678,35,65
1988880,2015-12-26,18,10252,8654,58,42
1988881,2015-12-26,18,8678,9826,57,43
1988882,2015-12-26,18,8455,9817,65,35
1988883,2015-12-26,18,8650,8197,67,33
1988884,2015-12-26,18,8456,8472,72,28
1988885,2015-12-26,18,10261,8668,23,77
1988886,2015-12-26,18,8466,9825,47,53
1988887,2015-12-26,18,10194,10260,60,40
1988888,2015-12-26,18,10003,8659,64,36
1988889,2015-12-26,18,8586,9850,60,40
1988890,2015-12-28,19,9825,8678,59,41
1988891,2015-12-28,19,9826,10003,56,44
1988892,2015-12-28,19,8668,10194,51,49
1988893,2015-12-29,19,8197,8456,41,59
1988894,2015-12-28,19,10260,8455,75,25
1988895,2015-12-28,19,9850,10252,49,51
1988896,2015-12-30,19,8472,8650,36,64
1988897,2015-12-28,19,9817,8586,42,58
1988898,2015-12-28,19,8659,10261,62,38
1988899,2015-12-28,19,8654,8466,47,53
1988900,2016-01-02,20,9825,10261,62,38
1988901,2016-01-03,20,9826,8455,32,68
1988902,2016-01-03,20,8668,8586,37,63
1988903,2016-01-02,20,8197,8678,31,69
1988904,2016-01-02,20,10260,10003,65,35
1988905,2016-01-02,20,9850,8466,41,59
1988906,2016-01-02,20,8472,10252,57,43
1988907,2016-01-02,20,9817,8456,47,53
1988908,2016-01-02,20,8659,10194,41,59
1988909,2016-01-02,20,8654,8650,42,58
1988910,2016-01-12,21,10252,9826,57,43
1988911,2016-01-12,21,8678,8654,56,44
1988912,2016-01-13,21,10003,8472,70,30
1988913,2016-01-13,21,8650,9825,60,40
1988914,2016-01-13,21,8455,8659,56,44
1988915,2016-01-13,21,8456,8668,55,45
1988916,2016-01-12,21,10261,10260,56,44
1988917,2016-01-13,21,8466,9817,44,56
1988918,2016-01-13,21,10194,9850,51,49
1988919,2016-01-13,21,8586,8197,64,36
1988920,2016-01-16,22,10252,8197,50,50
1988921,2016-01-16,22,8678,9850,56,44
1988922,2016-01-16,22,8455,8668,57,43
1988923,2016-01-17,22,8650,10260,51,49
1988924,2016-01-16,22,8456,9826,42,58
1988925,2016-01-16,22,10261,8654,59,41
1988926,2016-01-16,22,8466,8659,66,34
1988927,2016-01-17,22,10194,9825,48,52
1988928,2016-01-18,22,10003,9817,65,35
1988929,2016-01-16,22,8586,8472,69,31
1988930,2016-01-24,23,9825,8455,56,44
1988931,2016-01-23,23,9826,8586,24,76
1988932,2016-01-24,23,8668,10003,44,56
1988933,2016-01-23,23,8197,10194,48,52
1988934,2016-01-23,23,10260,8466,52,48
1988935,2016-01-23,23,9850,8650,53,47
1988936,2016-01-23,23,8472,8678,44,56
1988937,2016-01-23,23,9817,10261,52,48
1988938,2016-01-23,23,8659,10252,46,54
1988939,2016-01-23,23,8654,8456,41,59
1988940,2016-02-02,24,9825,8466,61,39
1988941,2016-02-02,24,8197,8650,43,57
1988942,2016-02-02,24,9850,8586,30,70
1988943,2016-02-02,24,8472,8456,36,64
1988944,2016-02-03,24,9817,8455,36,64
1988945,2016-02-02,24,8654,10252,49,51
1988946,2016-02-02,24,9826,8678,47,53
1988947,2016-02-02,24,10260,10194,54,46
1988948,2016-02-02,24,8659,10003,39,61
1988949,2016-02-03,24,8668,10261,68,32
1988950,2016-02-06,25,10252,9850,62,38
1988951,2016-02-07,25,8678,9825,41,59
1988952,2016-02-07,25,8455,10260,32,68
1988953,2016-02-06,25,8650,8472,85,15
1988954,2016-02-06,25,8456,8197,68,32
1988955,2016-02-06,25,10261,8659,84,16
1988956,2016-02-06,25,8466,8654,58,42
1988957,2016-02-06,25,10194,8668,53,47
1988958,2016-02-06,25,10003,9826,69,31
1988959,2016-02-06,25,8586,9817,66,34
1988960,2016-02-14,26,9825,8197,68,32
1988961,2016-02-14,26,10252,8650,42,58
1988962,2016-02-13,26,8678,10194,74,26
1988963,2016-02-13,26,8455,10261,41,59
1988964,2016-02-13,26,9826,9817,41,59
1988965,2016-02-13,26,8668,8659,67,33
1988966,2016-02-14,26,8456,8586,40,60
1988967,2016-02-13,26,9850,8654,44,56
1988968,2016-02-13,26,8472,10260,28,72
1988969,2016-02-13,26,10003,8466,49,51
1988970,2016-02-27,27,8197,9850,68,32
1988971,2016-04-20,27,8650,8668,61,39
1988972,2016-02-28,27,10260,9825,49,51
1988973,2016-04-19,27,10261,8456,24,76
1988974,2016-02-27,27,8466,8455,46,54
1988975,2016-02-27,27,10194,10252,55,45
1988976,2016-02-28,27,8586,10003,55,45
1988977,2016-02-27,27,9817,8678,45,55
1988978,2016-02-27,27,8659,9826,47,53
1988979,2016-02-27,27,8654,8472,67,33
1988980,2016-03-02,28,9825,10003,59,41
1988981,2016-03-01,28,10252,8668,34,66
1988982,2016-03-01,28,8678,8466,47,53
1988983,2016-03-01,28,8197,8659,60,40
1988984,2016-03-01,28,9850,8455,45,55
1988985,2016-03-01,28,8472,9826,60,40
1988986,2016-03-02,28,8654,8586,33,67
1988987,2016-03-02,28,8650,8456,56,44
1988988,2016-03-02,28,10260,9817,60,40
1988989,2016-03-02,28,10194,10261,57,43
1988990,2016-03-05,29,8455,10194,49,51
1988991,2016-03-06,29,9826,8650,36,64
1988992,2016-03-05,29,8668,8654,55,45
1988993,2016-03-05,29,8456,10252,81,19
1988994,2016-03-05,29,10261,8678,40,60
1988995,2016-03-05,29,8466,8472,58,42
1988996,2016-03-05,29,10003,9850,62,38
1988997,2016-03-05,29,8586,9825,60,40
1988998,2016-03-05,29,9817,8197,51,49
1988999,2016-03-06,29,8659,10260,35,65
1989000,2016-04-21,30,9825,8659,60,40
1989001,2016-03-13,30,10252,8586,42,58
1989002,2016-03-12,30,8678,10003,42,58
1989003,2016-03-14,30,8197,10261,62,38
1989004,2016-05-11,30,8650,8455,58,42
1989005,2016-04-20,30,10260,9826,66,34
1989006,2016-03-12,30,9850,8456,21,79
1989007,2016-03-12,30,10194,8466,58,42
1989008,2016-05-11,30,8472,8668,38,62
1989009,2016-04-20,30,8654,9817,59,41
1989010,2016-03-19,31,8455,8654,72,28
1989011,2016-03-19,31,9826,8197,70,30
1989012,2016-03-19,31,8668,9825,60,40
1989013,2016-03-20,31,8456,10260,32,68
1989014,2016-03-20,31,10261,8472,46,54
1989015,2016-03-20,31,8466,8650,36,64
1989016,2016-03-19,31,10003,10252,35,65
1989017,2016-03-20,31,8586,8678,65,35
1989018,2016-03-19,31,9817,10194,48,52
1989019,2016-03-19,31,8659,9850,55,45
1989020,2016-04-02,32,9825,9817,89,11
1989021,2016-04-02,32,10252,8455,47,53
1989022,2016-04-02,32,8678,8456,49,51
1989023,2016-04-03,32,8197,8466,82,18
1989024,2016-04-02,32,8650,8586,38,62
1989025,2016-04-03,32,10260,8668,53,47
1989026,2016-04-02,32,9850,10261,36,64
1989027,2016-04-02,32,10194,10003,48,52
1989028,2016-04-02,32,8472,8659,26,74
1989029,2016-04-02,32,8654,9826,65,35
1989030,2016-04-09,33,10252,8678,16,84
1989031,2016-04-09,33,9826,9850,54,46
1989032,2016-04-10,33,8650,10194,64,36
1989033,2016-04-09,33,8456,8659,68,32
1989034,2016-04-09,33,8466,10261,77,23
1989035,2016-04-10,33,8472,8197,50,50
1989036,2016-04-09,33,10003,8455,42,58
1989037,2016-04-10,33,8586,10260,25,75
1989038,2016-04-09,33,9817,8668,23,77
1989039,2016-04-09,33,8654,9825,49,51
1989040,2016-04-17,34,9825,9826,69,31
1989041,2016-04-17,34,8678,8650,38,62
1989042,2016-04-16,34,8455,8456,32,68
1989043,2016-04-16,34,8668,8466,46,54
1989044,2016-04-17,34,8197,8654,46,54
1989045,2016-04-16,34,10260,10252,76,24
1989046,2016-04-16,34,10261,10003,25,75
1989047,2016-04-16,34,9850,8472,21,79
1989048,2016-04-18,34,10194,8586,43,57
1989049,2016-04-16,34,8659,9817,16,84
1989050,2016-04-23,35,10252,8466,11,89
1989051,2016-04-23,35,8678,8455,68,32
1989052,2016-04-13,35,9826,8668,54,46
1989053,2016-04-24,35,8197,10003,46,54
1989054,2016-04-23,35,8650,10261,53,47
1989055,2016-04-23,35,8456,10194,65,35
1989056,2016-05-11,35,9850,9817,53,47
1989057,2016-04-24,35,8472,9825,35,65
1989058,2016-04-25,35,8586,8659,78,22
1989059,2016-05-10,35,8654,10260,44,56
1989060,2016-04-30,36,9825,9850,72,28
1989061,2016-05-02,36,8455,8586,88,12
1989062,2016-04-30,36,8668,8678,45,55
1989063,2016-05-01,36,10260,8197,90,10
1989064,2016-04-30,36,10261,9826,45,55
1989065,2016-05-01,36,8466,8456,32,68
1989066,2016-04-30,36,10194,8472,47,53
1989067,2016-05-01,36,10003,8650,60,40
1989068,2016-04-30,36,9817,10252,61,39
1989069,2016-04-30,36,8659,8654,56,44
1989070,2016-05-07,37,10252,10261,58,42
1989071,2016-05-07,37,8678,8659,67,33
1989072,2016-05-07,37,9826,10194,60,40
1989073,2016-05-07,37,8197,8668,36,64
1989074,2016-05-08,37,8650,9817,84,16
1989075,2016-05-08,37,8456,9825,71,29
1989076,2016-05-07,37,9850,10260,33,67
1989077,2016-05-07,37,8472,8455,39,61
1989078,2016-05-08,37,8586,8466,82,18
1989079,2016-05-07,37,8654,10003,70,30
1989778,2015-08-08,1,7794,9851,48,52
1989779,2015-08-09,1,9827,9837,59,41
1989780,2016-02-13,26,6391,10242,46,54
1989781,2015-08-07,1,8639,9847,41,59
1989782,2015-08-09,1,9748,8689,67,33
1989783,2015-08-08,1,8592,7819,67,33
1989784,2015-08-08,1,10249,8121,44,56
1989785,2015-08-08,1,9830,9747,58,42
1989786,2015-08-08,1,9831,9829,53,47
1989787,2015-08-09,1,9941,9853,47,53
1989788,2015-08-15,2,8121,9830,57,43
1989789,2015-08-15,2,7819,9941,45,55
1989790,2015-08-15,2,9747,9748,33,67
1989791,2015-08-16,2,8689,7794,70,30
1989792,2015-08-14,2,9829,8639,58,42
1989793,2015-08-16,2,9847,6391,66,34
1989794,2015-08-16,2,9837,8592,40,60
1989795,2015-08-15,2,9851,10249,48,52
1989796,2015-08-15,2,9853,9827,51,49
1989797,2015-08-15,2,10242,9831,41,59
1989798,2015-08-22,3,7794,9747,55,45
1989799,2015-08-22,3,6391,8121,71,29
1989800,2015-08-23,3,8639,9827,61,39
1989801,2015-08-23,3,8689,9853,35,65
1989802,2015-08-22,3,9748,9851,65,35
1989803,2015-08-23,3,8592,10242,64,36
1989804,2015-08-21,3,10249,9847,33,67
1989805,2015-08-22,3,9830,9837,52,48
1989806,2015-08-22,3,9831,7819,67,33
1989807,2015-08-22,3,9941,9829,50,50
1989808,2015-08-29,4,8121,9831,36,64
1989809,2015-08-30,4,9827,9830,55,45
1989810,2015-08-29,4,7819,9748,35,65
1989811,2015-08-28,4,9747,8592,31,69
1989812,2015-08-29,4,8639,6391,74,26
1989813,2015-08-30,4,9829,9847,27,73
1989814,2015-08-29,4,9837,8689,57,43
1989815,2015-08-29,4,9851,9941,63,37
1989816,2015-08-30,4,9853,7794,72,28
1989817,2015-08-29,4,10242,10249,51,49
1989818,2015-09-13,5,6391,9829,49,51
1989819,2015-09-12,5,8689,8121,54,46
1989820,2015-09-12,5,9748,8639,61,39
1989821,2015-09-13,5,8592,7794,64,36
1989822,2015-09-12,5,10249,9853,45,55
1989823,2015-09-13,5,9830,9851,43,57
1989824,2015-09-12,5,9831,9747,62,38
1989825,2015-09-11,5,9847,9827,71,29
1989826,2015-09-12,5,9941,9837,45,55
1989827,2015-09-12,5,10242,7819,67,33
1989828,2015-09-19,6,8121,10242,54,46
1989829,2015-09-19,6,7794,9831,51,49
1989830,2015-09-20,6,9827,9941,56,44
1989831,2015-09-19,6,7819,10249,28,72
1989832,2015-09-19,6,9747,6391,79,21
1989833,2015-09-20,6,8592,9748,51,49
1989834,2015-09-20,6,9829,8689,53,47
1989835,2015-09-19,6,9837,9847,39,61
1989836,2015-09-18,6,9851,8639,44,56
1989837,2015-09-20,6,9853,9830,51,49
1989838,2015-09-22,7,8121,9837,60,40
1989839,2015-09-23,7,6391,9851,55,45
1989840,2015-09-29,7,8639,9830,66,34
1989841,2015-09-23,7,8689,7819,63,37
1989842,2015-09-23,7,9748,7794,74,26
1989843,2015-09-24,7,10249,9829,53,47
1989844,2015-09-23,7,9831,9827,54,46
1989845,2015-09-22,7,9847,9747,74,26
1989846,2015-09-23,7,9941,8592,49,51
1989847,2015-09-23,7,10242,9853,50,50
1989848,2015-09-26,8,7794,9941,49,51
1989849,2015-09-26,8,9827,9748,58,42
1989850,2015-09-26,8,7819,6391,45,55
1989851,2015-09-27,8,9747,9829,49,51
1989852,2015-09-27,8,8592,8121,66,34
1989853,2015-09-27,8,10249,8689,49,51
1989854,2015-09-26,8,9830,9847,36,64
1989855,2015-09-25,8,9837,8639,37,63
1989856,2015-09-26,8,9851,10242,54,46
1989857,2015-09-27,8,9853,9831,46,54
1989858,2015-10-03,9,8121,7794,62,38
1989859,2015-10-04,9,7819,9853,42,58
1989860,2015-10-03,9,6391,9941,56,44
1989861,2015-10-02,9,8639,10249,60,40
1989862,2015-10-04,9,8689,9827,45,55
1989863,2015-10-03,9,9748,9837,69,31
1989864,2015-10-04,9,9829,9851,57,43
1989866,2015-10-04,9,9847,8592,53,47
1989867,2015-10-03,9,10242,9747,47,53
1989868,2015-10-17,10,7794,9847,40,60
1989869,2015-10-18,10,9827,10249,55,45
1989870,2015-10-17,10,9747,8639,35,65
1989871,2015-10-18,10,8592,8689,57,43
1989872,2015-10-16,10,9829,9748,45,55
1989873,2015-10-17,10,9830,10242,56,44
1989874,2015-10-17,10,9837,7819,56,44
1989875,2015-10-18,10,9851,9831,50,50
1989876,2015-10-17,10,9853,6391,63,37
1989877,2015-10-17,10,9941,8121,60,40
1989878,2015-10-24,11,8121,9747,58,42
1989879,2015-10-25,11,9827,10242,51,49
1989880,2015-10-23,11,7819,9830,47,53
1989881,2015-10-24,11,6391,9831,49,51
1989882,2015-10-25,11,8639,8592,57,43
1989883,2015-10-24,11,8689,9851,45,55
1989884,2015-10-23,11,9748,9941,65,35
1989885,2015-10-24,11,10249,7794,59,41
1989886,2015-10-25,11,9847,9853,72,28
1989887,2015-10-25,11,9837,9829,43,57
1989888,2015-10-31,12,7794,7819,62,38
1989889,2015-10-31,12,6391,9827,57,43
1989890,2015-10-31,12,9747,8689,40,60
1989891,2015-11-01,12,9829,8121,53,47
1989892,2015-11-01,12,9830,8592,45,55
1989893,2015-11-01,12,9831,8639,61,39
1989894,2015-10-30,12,9851,9847,36,64
1989895,2015-10-31,12,9853,9837,59,41
1989896,2015-10-31,12,9941,10249,47,53
1989897,2015-10-31,12,10242,9748,38,62
1989898,2015-11-06,13,8121,9851,52,48
1989899,2015-11-08,13,9827,9829,51,49
1989900,2015-11-07,13,7819,9747,35,65
1989901,2015-11-07,13,8639,7794,71,29
1989902,2015-11-07,13,8689,10242,68,32
1989903,2015-11-08,13,9748,9853,64,36
1989904,2015-11-08,13,8592,9831,54,46
1989905,2015-11-07,13,10249,9830,52,48
1989906,2015-11-07,13,9847,9941,64,36
1989907,2015-11-07,13,9837,6391,65,35
1989908,2015-11-22,14,7794,6391,47,53
1989909,2015-11-22,14,7819,8121,43,57
1989910,2015-11-21,14,9747,9941,52,48
1989911,2015-11-21,14,8689,9847,28,72
1989912,2015-11-21,14,9829,9830,57,43
1989913,2015-11-21,14,10249,9837,55,45
1989914,2015-11-20,14,9831,9748,41,59
1989915,2015-11-22,14,9851,9827,56,44
1989916,2015-11-22,14,9853,8592,35,65
1989917,2015-11-21,14,10242,8639,51,49
1989918,2015-11-28,15,8121,8639,53,47
1989919,2015-11-29,15,9827,7819,61,39
1989920,2015-11-28,15,6391,8689,54,46
1989921,2015-11-27,15,9748,10249,60,40
1989922,2015-11-29,15,8592,9829,70,30
1989923,2015-11-28,15,9830,7794,61,39
1989924,2015-11-28,15,9847,10242,61,39
1989925,2015-11-28,15,9837,9851,61,39
1989926,2015-11-29,15,9853,9747,58,42
1989927,2015-11-28,15,9941,9831,42,58
1989928,2015-12-01,16,8121,9847,25,75
1989929,2015-12-02,16,7794,9827,36,64
1989930,2015-12-02,16,9747,9837,51,49
1989931,2015-12-02,16,8639,9853,54,46
1989932,2015-12-01,16,8689,9831,49,51
1989933,2015-12-02,16,9829,7819,62,38
1989934,2015-12-02,16,10249,6391,52,48
1989935,2015-12-01,16,9830,9748,42,58
1989936,2015-12-03,16,9851,8592,56,44
1989937,2015-12-02,16,10242,9941,55,45
1989938,2015-12-05,17,7794,9829,52,48
1989939,2015-12-06,17,9827,9747,73,27
1989940,2015-12-05,17,7819,8639,55,45
1989941,2015-12-05,17,6391,9830,43,57
1989942,2015-12-05,17,9748,8121,58,42
1989943,2015-12-06,17,8592,10249,71,29
1989944,2015-12-04,17,9831,9847,38,62
1989945,2015-12-05,17,9837,10242,59,41
1989946,2015-12-06,17,9853,9851,56,44
1989947,2015-12-05,17,9941,8689,66,34
1989948,2015-12-13,18,8121,9827,49,51
1989949,2015-12-12,18,8639,8689,68,32
1989950,2015-12-13,18,8592,6391,56,44
1989951,2015-12-13,18,9829,9853,58,42
1989952,2015-12-12,18,10249,9747,66,34
1989953,2015-12-12,18,9830,9941,55,45
1989954,2015-12-13,18,9847,9748,66,34
1989955,2015-12-12,18,9837,9831,35,65
1989956,2015-12-11,18,9851,7819,62,38
1989957,2015-12-12,18,10242,7794,47,53
1989958,2015-12-19,19,7794,9837,54,46
1989959,2015-12-20,19,9827,8592,45,55
1989960,2015-12-19,19,7819,9847,33,67
1989961,2015-12-20,19,6391,9748,46,54
1989962,2015-12-19,19,9747,9851,48,52
1989963,2015-12-19,19,8689,9830,54,46
1989964,2015-12-18,19,9831,10249,51,49
1989965,2015-12-20,19,9853,8121,62,38
1989966,2015-12-19,19,9941,8639,54,46
1989967,2015-12-19,19,10242,9829,40,60
1989970,2016-01-09,20,8121,7819,66,34
1989971,2016-01-09,20,9829,6391,65,35
1989972,2016-01-10,20,9830,9853,54,46
1989973,2016-01-10,20,8639,9831,45,55
1989974,2016-01-09,20,10249,9827,49,51
1989975,2016-01-10,20,8592,9747,65,35
1989976,2016-01-09,20,9748,10242,68,32
1989977,2016-01-08,20,9847,7794,70,30
1989978,2016-01-09,20,9837,9941,44,56
1989979,2016-01-09,20,9851,8689,57,43
1989980,2016-01-17,21,9853,9748,33,67
1989981,2016-01-16,21,9747,9830,46,54
1989982,2016-01-16,21,10242,9851,40,60
1989983,2016-01-16,21,9827,8639,60,40
1989984,2016-01-17,21,8689,9829,49,51
1989985,2016-01-16,21,6391,9837,50,50
1989986,2016-01-15,21,9831,8121,61,39
1989987,2016-01-16,21,7794,10249,47,53
1989988,2016-01-17,21,7819,8592,33,67
1989989,2016-01-16,21,9941,9847,27,73
1989990,2016-01-24,22,9829,9941,52,48
1989991,2016-01-23,22,9747,7794,56,44
1989992,2016-01-23,22,9830,9827,34,66
1989993,2016-01-23,22,8639,10242,58,42
1989994,2016-01-23,22,10249,7819,72,28
1989995,2016-01-23,22,9831,8689,57,43
1989996,2016-01-24,22,9748,8592,66,34
1989997,2016-01-23,22,9847,8121,69,31
1989998,2016-01-24,22,9837,9853,43,57
1989999,2016-01-22,22,9851,6391,56,44
1990000,2016-01-30,23,8121,9829,42,58
1990001,2016-01-31,23,9853,9847,42,58
1990002,2016-01-30,23,10242,9830,47,53
1990003,2016-01-31,23,9827,9851,49,51
1990004,2016-01-30,23,8689,9837,69,31
1990005,2016-01-30,23,6391,10249,47,53
1990006,2016-01-29,23,8592,8639,70,30
1990007,2016-01-30,23,7794,9748,32,68
1990008,2016-01-31,23,7819,9831,24,76
1990009,2016-01-30,23,9941,9747,57,43
1990010,2016-03-05,29,8121,9853,42,58
1990011,2016-03-05,29,9827,6391,46,54
1990012,2016-03-05,29,8639,9837,57,43
1990013,2016-03-05,29,9831,10242,68,32
1990014,2016-03-06,29,8592,9941,51,49
1990015,2016-03-06,29,9748,9747,71,29
1990016,2016-03-05,29,9847,10249,55,45
1990017,2016-03-05,29,7794,8689,52,48
1990018,2016-03-04,29,7819,9829,47,53
1990019,2016-03-06,29,9851,9830,42,58
1990020,2016-03-11,30,9829,9837,43,57
1990021,2016-03-12,30,9747,9853,47,53
1990022,2016-03-13,30,10242,9847,42,58
1990023,2016-03-12,30,8689,8592,37,63
1990024,2016-03-13,30,9830,8121,59,41
1990025,2016-03-12,30,6391,7819,52,48
1990026,2016-03-12,30,10249,9831,39,61
1990027,2016-03-12,30,7794,8639,51,49
1990028,2016-03-13,30,9851,9748,32,68
1990029,2016-03-12,30,9941,9827,45,55
1990030,2016-03-19,31,8121,8689,51,49
1990031,2016-03-19,31,9853,10249,46,54
1990032,2016-03-20,31,9827,7794,44,56
1990033,2016-03-19,31,8639,9941,53,47
1990034,2016-03-20,31,9831,6391,62,38
1990035,2016-03-18,31,8592,9851,54,46
1990036,2016-03-19,31,9748,9830,63,37
1990037,2016-03-20,31,9847,9829,67,33
1990038,2016-03-19,31,7819,10242,55,45
1990039,2016-03-19,31,9837,9747,59,41
1990040,2016-04-01,32,9829,9827,59,41
1990041,2016-04-02,32,9747,10249,35,65
1990042,2016-04-02,32,10242,8121,49,51
1990043,2016-04-03,32,8689,9748,44,56
1990044,2016-04-03,32,9830,8639,47,53
1990045,2016-04-02,32,6391,9853,49,51
1990046,2016-04-02,32,9847,9831,58,42
1990047,2016-04-03,32,7794,8592,36,64
1990048,2016-04-02,32,9851,9837,55,45
1990049,2016-04-02,32,9941,7819,50,50
1990050,2016-04-09,33,8121,6391,56,44
1990051,2016-04-09,33,9853,10242,64,36
1990052,2016-04-09,33,9747,9847,36,64
1990053,2016-04-10,33,8639,9829,62,38
1990054,2016-04-08,33,10249,9748,32,68
1990055,2016-04-10,33,9831,9851,64,36
1990056,2016-04-10,33,8592,9827,58,42
1990057,2016-04-09,33,7819,8689,51,49
1990058,2016-04-09,33,9837,9830,45,55
1990059,2016-04-09,33,9941,7794,47,53
1990060,2016-04-17,34,9829,8592,42,58
1990061,2016-04-16,34,10242,9837,52,48
1990062,2016-04-16,34,9827,8121,70,30
1990063,2016-04-16,34,8689,9941,53,47
1990064,2016-04-17,34,9830,10249,49,51
1990065,2016-04-16,34,6391,8639,46,54
1990066,2016-04-15,34,9748,9831,33,67
1990067,2016-04-16,34,9847,7819,71,29
1990068,2016-04-16,34,7794,9853,48,52
1990069,2016-04-17,34,9851,9747,62,38
1990070,2016-04-24,35,9853,8689,56,44
1990071,2016-04-24,35,9747,7819,52,48
1990072,2016-05-11,35,9827,9847,37,63
1990073,2016-04-24,35,6391,7794,56,44
1990074,2016-04-27,35,8639,8121,69,31
1990075,2016-04-24,35,10249,10242,39,61
1990076,2016-04-22,35,9831,9837,71,29
1990077,2016-04-24,35,8592,9830,65,35
1990078,2016-04-24,35,9851,9829,40,60
1990079,2016-04-23,35,9941,9748,40,60
1990080,2016-05-01,36,8121,8592,51,49
1990081,2016-04-30,36,9829,9747,57,43
1990082,2016-04-30,36,9853,9941,62,38
1990083,2016-04-30,36,10242,9827,40,60
1990084,2016-04-30,36,8689,8639,54,46
1990085,2016-04-30,36,9830,9831,38,62
1990086,2016-04-30,36,9748,6391,72,28
1990087,2016-04-29,36,9847,9851,59,41
1990088,2016-04-30,36,7819,7794,59,41
1990089,2016-04-30,36,9837,10249,41,59
1990090,2016-05-07,37,9827,8689,45,55
1990091,2016-05-07,37,9830,7819,65,35
1990092,2016-05-07,37,6391,9847,33,67
1990093,2016-05-07,37,8639,9747,54,46
1990094,2016-05-07,37,10249,9851,47,53
1990095,2016-05-07,37,9831,9853,66,34
1990096,2016-05-07,37,8592,9837,54,46
1990097,2016-05-07,37,9748,9829,62,38
1990098,2016-05-07,37,7794,8121,59,41
1990099,2016-05-07,37,9941,10242,47,53
1990100,2016-05-14,38,8121,9941,55,45
1990101,2016-05-14,38,9829,10249,45,55
1990102,2016-05-14,38,9853,8639,49,51
1990103,2016-05-14,38,9747,9831,24,76
1990104,2016-05-14,38,10242,8592,30,70
1990105,2016-05-14,38,8689,6391,57,43
1990106,2016-05-14,38,9847,9830,61,39
1990107,2016-05-14,38,7819,9827,36,64
1990108,2016-05-14,38,9837,9748,37,63
1990109,2016-05-14,38,9851,7794,53,47
1990110,2016-02-02,24,9829,7794,59,41
1990111,2016-02-03,24,9747,10242,65,35
1990112,2016-02-03,24,9830,6391,54,46
1990113,2016-02-03,24,8639,7819,67,33
1990114,2016-02-02,24,10249,8592,43,57
1990115,2016-02-03,24,9831,9941,65,35
1990116,2016-02-03,24,9748,9827,74,26
1990117,2016-02-03,24,9847,8689,66,34
1990118,2016-02-03,24,9837,8121,66,34
1990119,2016-02-04,24,9851,9853,45,55
1990120,2016-02-06,25,8121,9748,39,61
1990121,2016-02-06,25,9829,9831,44,56
1990122,2016-02-07,25,9827,9853,45,55
1990123,2016-02-06,25,8689,10249,67,33
1990124,2016-02-06,25,6391,9747,70,30
1990125,2016-02-07,25,8639,9851,43,57
1990126,2016-02-07,25,8592,9847,46,54
1990127,2016-02-06,25,7794,10242,61,39
1990128,2016-02-06,25,7819,9837,53,47
1990129,2016-02-06,25,9941,9830,49,51
1990130,2016-02-14,26,9853,9829,58,42
1990131,2016-02-13,26,9747,9827,42,58
1990132,2015-08-08,1,10242,6391,36,64
1990133,2016-02-13,26,9830,8689,54,46
1990134,2016-02-13,26,10249,9941,56,44
1990135,2016-02-14,26,9831,8592,46,54
1990136,2016-02-14,26,9748,7819,64,36
1990137,2016-02-13,26,9847,8639,58,42
1990138,2016-02-13,26,9837,7794,53,47
1990139,2016-02-12,26,9851,8121,60,40
1990140,2016-02-20,27,8121,10249,44,56
1990141,2016-02-20,27,9829,10242,48,52
1990142,2016-02-19,27,9827,9831,35,65
1990143,2016-02-20,27,8689,9747,59,41
1990144,2016-02-21,27,8639,9748,60,40
1990145,2016-02-21,27,8592,9853,54,46
1990146,2016-02-20,27,9847,9837,70,30
1990147,2016-03-09,27,7794,9830,54,46
1990148,2016-02-21,27,7819,9851,31,69
1990149,2016-02-20,27,9941,6391,51,49
1990150,2016-02-28,28,9853,7819,63,37
1990151,2016-02-27,28,9747,8121,55,45
1990152,2016-02-27,28,10242,8689,60,40
1990153,2016-02-28,28,9830,9829,54,46
1990154,2016-03-09,28,6391,8592,44,56
1990155,2016-02-27,28,10249,8639,54,46
1990156,2016-02-26,28,9831,7794,74,26
1990157,2016-02-28,28,9748,9847,35,65
1990158,2016-02-27,28,9837,9827,43,57
1990159,2016-02-27,28,9941,9851,46,54
2001675,2015-08-14,1,9823,9790,71,29
2001676,2015-08-15,1,9789,9788,52,48
2001677,2015-08-15,1,8178,8226,59,41
2001679,2015-08-16,1,8721,9810,59,41
2001680,2015-08-16,1,10269,8722,54,46
2001681,2015-08-15,1,8406,8177,52,48
2001682,2015-08-15,1,8697,10189,46,54
2001683,2015-08-15,1,9905,8234,53,47
2001684,2015-08-15,1,8262,9904,35,65
2002096,2015-08-22,2,10189,8262,73,27
2002097,2015-08-23,2,9788,9905,69,31
2002098,2015-08-22,2,9790,10269,49,51
2002099,2015-08-22,2,9810,8406,51,49
2002100,2015-08-22,2,8722,8721,43,57
2002101,2015-08-22,2,9904,8178,36,64
2002102,2015-08-21,2,8177,8697,55,45
2002103,2015-08-22,2,8226,9823,24,76
2002104,2015-08-23,2,8234,9789,36,64
2002105,2015-08-29,3,9823,8178,63,37
2002106,2015-08-30,3,9789,8177,57,43
2002107,2015-08-28,3,8721,10189,61,39
2002108,2015-08-29,3,10269,9810,48,52
2002109,2015-08-29,3,8406,8234,64,36
2002110,2015-08-30,3,8697,9788,45,55
2002111,2015-08-29,3,8722,9790,48,52
2002112,2015-08-29,3,9905,9904,54,46
2002113,2015-08-29,3,8262,8226,32,68
2002115,2015-09-12,4,9823,8406,67,33
2002116,2015-09-13,4,10189,9905,62,38
2002117,2015-09-12,4,8178,8262,74,26
2002118,2015-09-11,4,9788,9790,51,49
2002119,2015-09-12,4,9810,8722,63,37
2002120,2015-09-12,4,9904,9789,29,71
2002121,2015-09-12,4,8177,10269,63,37
2002122,2015-09-13,4,8226,8697,57,43
2002123,2015-09-12,4,8234,8721,53,47
2002124,2015-09-20,5,9789,8178,59,41
2002125,2015-09-19,5,8721,8177,54,46
2002126,2015-09-19,5,9790,9810,55,45
2002127,2015-09-20,5,10269,10189,49,51
2002128,2015-09-20,5,8406,9904,64,36
2002129,2015-09-19,5,8697,8234,52,48
2002130,2015-09-19,5,8722,9788,34,66
2002131,2015-09-18,5,9905,8226,70,30
2002132,2015-09-19,5,8262,9823,27,73
2002136,2015-09-22,6,9823,8721,60,40
2002137,2015-09-23,6,10189,9810,52,48
2002138,2015-09-23,6,8178,9905,74,26
2002139,2015-09-23,6,9788,8406,60,40
2002140,2015-09-23,6,9904,10269,52,48
2002141,2015-09-22,6,8177,8722,60,40
2002142,2015-09-23,6,8226,9789,30,70
2002143,2015-09-22,6,8234,9790,48,52
2002144,2015-09-22,6,8262,8697,53,47
2002146,2015-09-27,7,9789,8262,71,29
2002147,2015-09-26,7,8721,9904,74,26
2002148,2015-09-26,7,9790,10189,46,54
2002149,2015-09-26,7,10269,9788,46,54
2002150,2015-09-26,7,8406,8226,55,45
2002151,2015-09-26,7,8697,8178,40,60
2002152,2015-09-27,7,9810,8177,53,47
2002153,2015-09-25,7,8722,8234,51,49
2002154,2015-09-26,7,9905,9823,30,70
2002155,2015-10-04,8,9823,9789,53,47
2002156,2015-10-04,8,10189,8722,60,40
2002157,2015-10-04,8,8178,8406,55,45
2002158,2015-10-03,8,9788,8721,47,53
2002159,2015-10-03,8,9904,8697,52,48
2002160,2015-10-03,8,8177,9790,52,48
2002161,2015-10-03,8,8226,10269,57,43
2002162,2015-10-03,8,8234,9810,44,56
2002163,2015-10-02,8,8262,9905,42,58
2002164,2015-10-17,9,10189,8177,58,42
2002165,2015-10-17,9,8721,8226,56,44
2002166,2015-10-17,9,9790,8178,42,58
2002167,2015-10-18,9,10269,8234,50,50
2002168,2015-10-17,9,8406,8262,68,32
2002169,2015-10-17,9,8697,9823,24,76
2002170,2015-10-17,9,9810,9788,46,54
2002171,2015-10-18,9,8722,9904,61,39
2002172,2015-10-16,9,9905,9789,46,54
2002173,2015-10-24,10,9823,8722,60,40
2002174,2015-10-25,10,9789,8406,68,32
2002175,2015-10-24,10,8178,10269,55,45
2002176,2015-10-25,10,9788,10189,64,36
2002177,2015-10-24,10,9904,9810,42,58
2002178,2015-10-23,10,8226,9790,50,50
2002179,2015-10-24,10,9905,8697,53,47
2002180,2015-10-24,10,8234,8177,46,54
2002181,2015-10-24,10,8262,8721,30,70
2002182,2015-10-31,11,10189,8234,52,48
2002183,2015-10-31,11,8721,8178,49,51
2002184,2015-11-01,11,9790,9904,46,54
2002185,2015-11-01,11,10269,8262,62,38
2002186,2015-10-31,11,8406,9905,70,30
2002187,2015-10-31,11,8697,9789,34,66
2002188,2015-10-30,11,9810,9823,27,73
2002189,2015-10-31,11,8722,8226,52,48
2002190,2015-10-31,11,8177,9788,37,63
2002191,2015-11-07,12,9823,10269,67,33
2002192,2015-11-08,12,9789,10189,65,35
2002193,2015-11-07,12,8178,8722,55,45
2002194,2015-11-07,12,9788,8234,54,46
2002195,2015-11-08,12,8406,8697,57,43
2002196,2015-11-06,12,9904,8177,41,59
2002197,2015-11-07,12,8226,9810,45,55
2002198,2015-11-07,12,9905,8721,24,76
2002199,2015-11-07,12,8262,9790,45,55
2002201,2015-11-21,13,10189,9823,32,68
2002202,2015-11-21,13,9788,9904,52,48
2002203,2015-11-21,13,8721,8697,65,35
2002204,2015-11-20,13,9790,9789,42,58
2002205,2015-11-21,13,10269,8406,49,51
2002206,2015-11-21,13,9810,8178,24,76
2002207,2015-11-21,13,8722,9905,47,53
2002208,2015-11-22,13,8177,8226,57,43
2002209,2015-11-22,13,8234,8262,53,47
2002210,2015-11-28,14,9823,8177,71,29
2002211,2015-11-29,14,9789,10269,68,32
2002212,2015-11-29,14,8178,10189,53,47
2002213,2015-11-29,14,8406,8721,40,60
2002214,2015-11-28,14,8697,9790,43,57
2002215,2015-11-28,14,9904,8234,50,50
2002216,2015-11-28,14,8226,9788,34,66
2002217,2015-11-28,14,9905,9810,43,57
2002218,2015-11-27,14,8262,8722,50,50
2002219,2015-12-04,15,10189,9904,53,47
2002220,2015-12-05,15,9788,9823,36,64
2002221,2015-12-05,15,8721,9789,50,50
2002222,2015-12-05,15,9790,9905,65,35
2002223,2015-12-06,15,10269,8697,63,37
2002224,2015-12-06,15,9810,8262,66,34
2002225,2015-12-05,15,8722,8406,37,63
2002226,2015-12-05,15,8177,8178,58,42
2002227,2015-12-05,15,8234,8226,49,51
2002228,2015-12-12,16,9823,8234,58,42
2002229,2015-12-13,16,9789,9810,81,19
2002230,2015-12-12,16,8178,9788,67,33
2002231,2015-12-12,16,8721,9790,55,45
2002232,2015-12-13,16,8406,10189,53,47
2002233,2015-12-12,16,8697,8722,43,57
2002234,2015-12-12,16,8226,9904,41,59
2002235,2015-12-11,16,9905,10269,64,36
2002236,2015-12-12,16,8262,8177,26,74
2002237,2015-12-18,17,10189,8226,56,44
2002238,2015-12-20,17,9788,8262,63,37
2002239,2015-12-19,17,9790,8406,54,46
2002240,2015-12-19,17,10269,8721,33,67
2002241,2015-12-19,17,9810,8697,57,43
2002242,2015-12-19,17,8722,9789,26,74
2002243,2015-12-19,17,9904,9823,24,76
2002244,2015-12-20,17,8177,9905,71,29
2002245,2015-12-19,17,8234,8178,50,50
2002246,2016-01-24,18,10189,8697,60,40
2002247,2016-01-23,18,9788,9789,50,50
2002248,2016-01-22,18,9790,9823,31,69
2002249,2016-01-24,18,9810,8721,45,55
2002250,2016-01-23,18,8722,10269,50,50
2002251,2016-01-23,18,9904,8262,64,36
2002252,2016-01-23,18,8177,8406,71,29
2002253,2016-01-23,18,8226,8178,41,59
2002254,2016-01-23,18,8234,9905,46,54
2002255,2016-01-31,19,9823,8226,72,28
2002256,2016-01-30,19,9789,8234,60,40
2002257,2016-01-30,19,8178,9904,62,38
2002258,2016-01-31,19,8721,8722,66,34
2002259,2016-01-30,19,10269,9790,41,59
2002260,2016-01-30,19,8406,9810,54,46
2002261,2016-01-30,19,8697,8177,39,61
2002262,2016-01-29,19,9905,9788,43,57
2002263,2016-01-30,19,8262,10189,35,65
2002264,2016-02-06,20,10189,8721,50,50
2002265,2016-02-06,20,8178,9823,31,69
2002266,2016-02-05,20,9788,8697,53,47
2002267,2016-02-07,20,9790,8722,70,30
2002268,2016-02-06,20,9810,10269,50,50
2002269,2016-02-06,20,9904,9905,47,53
2002270,2016-02-06,20,8177,9789,46,54
2002271,2016-02-07,20,8226,8262,54,46
2002272,2016-02-06,20,8234,8406,38,62
2002273,2016-02-13,21,9789,9904,71,29
2002274,2016-02-13,21,8721,8234,48,52
2002275,2016-02-14,21,9790,9788,46,54
2002276,2016-02-13,21,10269,8177,55,45
2002277,2016-02-14,21,8406,9823,42,58
2002278,2016-02-13,21,8697,8226,56,44
2002279,2016-02-13,21,8722,9810,46,54
2002280,2016-02-12,21,9905,10189,50,50
2002281,2016-02-13,21,8262,8178,44,56
2002282,2016-02-20,22,9823,8262,75,25
2002283,2016-02-21,22,10189,10269,52,48
2002284,2016-02-21,22,8178,9789,53,47
2002285,2016-02-20,22,9788,8722,66,34
2002286,2016-02-19,22,9810,9790,47,53
2002287,2016-02-21,22,9904,8406,46,54
2002288,2016-02-20,22,8177,8721,56,44
2002289,2016-02-20,22,8226,9905,50,50
2002290,2016-02-20,22,8234,8697,49,51
2002291,2016-02-28,23,9789,8226,68,32
2002292,2016-02-27,23,8721,9823,34,66
2002293,2016-02-27,23,9790,8234,44,56
2002294,2016-02-27,23,10269,9904,49,51
2002295,2016-02-28,23,8406,9788,49,51
2002296,2016-02-27,23,8697,8262,61,39
2002297,2016-02-28,23,9810,10189,55,45
2002298,2016-02-26,23,8722,8177,40,60
2002299,2016-02-28,23,9905,8178,52,48
2002300,2016-03-02,24,9823,9905,77,23
2002301,2016-03-02,24,10189,9790,60,40
2002302,2016-03-02,24,8178,8697,59,41
2002303,2016-03-02,24,9788,10269,66,34
2002304,2016-03-01,24,9904,8721,44,56
2002305,2016-03-02,24,8177,9810,55,45
2002306,2016-03-02,24,8226,8406,53,47
2002307,2016-03-01,24,8234,8722,59,41
2002308,2016-03-02,24,8262,9789,35,65
2002309,2016-03-05,25,9789,9823,53,47
2002310,2016-03-05,25,8721,9788,62,38
2002311,2016-03-06,25,9790,8177,60,40
2002312,2016-03-05,25,10269,8226,49,51
2002313,2016-03-05,25,8406,8178,54,46
2002314,2016-03-05,25,8697,9904,48,52
2002315,2016-03-05,25,9810,8234,57,43
2002316,2016-03-05,25,8722,10189,37,63
2002317,2016-03-06,25,9905,8262,61,39
2002318,2016-03-12,26,9823,8697,76,24
2002319,2016-03-13,26,9789,9905,63,37
2002320,2016-03-13,26,8178,9790,40,60
2002321,2016-03-12,26,9788,9810,64,36
2002322,2016-03-12,26,9904,8722,58,42
2002323,2016-03-11,26,8177,10189,59,41
2002324,2016-03-12,26,8226,8721,44,56
2002325,2016-03-12,26,8234,10269,43,57
2002326,2016-03-12,26,8262,8406,40,60
2002327,2016-03-18,27,10189,9788,51,49
2002328,2016-03-19,27,8721,8262,66,34
2002329,2016-03-19,27,9790,8226,58,42
2002330,2016-03-20,27,10269,8178,50,50
2002331,2016-03-20,27,8406,9789,20,80
2002332,2016-03-19,27,8697,9905,48,52
2002333,2016-03-19,27,9810,9904,54,46
2002334,2016-03-19,27,8722,9823,21,79
2002335,2016-03-19,27,8177,8234,55,45
2002336,2016-04-02,28,9823,9810,72,28
2002337,2016-04-02,28,9789,8697,59,41
2002338,2016-04-01,28,8178,8721,49,51
2002339,2016-04-03,28,9788,8177,53,47
2002340,2016-04-02,28,9904,9790,60,40
2002341,2016-04-03,28,8226,8722,45,55
2002342,2016-04-02,28,9905,8406,50,50
2002343,2016-04-02,28,8234,10189,55,45
2002344,2016-04-02,28,8262,10269,43,57
2002345,2016-04-10,29,10189,9789,53,47
2002346,2016-04-09,29,8721,9905,46,54
2002347,2016-04-09,29,9790,8262,65,35
2002348,2016-04-09,29,10269,9823,25,75
2002349,2016-04-09,29,8697,8406,58,42
2002350,2016-04-09,29,9810,8226,54,46
2002351,2016-04-10,29,8722,8178,48,52
2002352,2016-04-08,29,8177,9904,68,32
2002353,2016-04-09,29,8234,9788,52,48
2002414,2016-04-16,30,9823,10189,68,32
2002415,2016-04-17,30,9789,9790,66,34
2002416,2016-04-16,30,8178,9810,64,36
2002417,2016-04-16,30,8406,10269,57,43
2002418,2016-04-16,30,8697,8721,42,58
2002419,2016-04-15,30,9904,9788,61,39
2002420,2016-04-16,30,8226,8177,48,52
2002421,2016-04-17,30,9905,8722,55,45
2002422,2016-04-16,30,8262,8234,45,55
2002424,2016-04-23,31,10189,8178,64,36
2002425,2016-04-24,31,9788,8226,55,45
2002426,2016-04-23,31,8721,8406,65,35
2002427,2016-04-22,31,9790,8697,56,44
2002428,2016-04-23,31,10269,9789,36,64
2002429,2016-04-24,31,9810,9905,55,45
2002430,2016-04-23,31,8722,8262,71,29
2002431,2016-04-23,31,8177,9823,37,63
2002432,2016-04-23,31,8234,9904,57,43
2002433,2016-04-30,32,9823,9788,50,50
2002434,2016-04-30,32,9789,8721,54,46
2002435,2016-04-30,32,8178,8177,52,48
2002436,2016-04-29,32,8406,8722,49,51
2002437,2016-05-02,32,8697,10269,54,46
2002438,2016-04-30,32,9904,10189,41,59
2002439,2016-04-30,32,8226,8234,56,44
2002440,2016-04-30,32,9905,9790,59,41
2002441,2016-04-30,32,8262,9810,41,59
2002442,2016-05-07,33,10189,8406,65,35
2002443,2016-05-07,33,9788,8178,53,47
2002444,2016-05-07,33,9790,8721,53,47
2002445,2016-05-07,33,10269,9905,44,56
2002446,2016-05-07,33,9810,9789,34,66
2002447,2016-05-07,33,8722,8697,49,51
2002448,2016-05-07,33,9904,8226,50,50
2002449,2016-05-07,33,8177,8262,67,33
2002450,2016-05-07,33,8234,9823,37,63
2002487,2016-05-14,34,9823,9904,56,44
2002488,2016-05-14,34,9789,8722,76,24
2002489,2016-05-14,34,8178,8234,46,54
2002490,2016-05-14,34,8721,10269,58,42
2002491,2016-05-14,34,8406,9790,44,56
2002492,2016-05-14,34,8697,9810,51,49
2002493,2016-05-14,34,8226,10189,51,49
2002494,2016-05-14,34,9905,8177,40,60
2002495,2016-05-14,34,8262,9788,40,60
2030082,2015-08-23,1,8581,9910,35,65
2030083,2015-08-22,1,9906,8306,65,35
2030084,2015-08-21,1,9864,8302,50,50
2030085,2015-08-23,1,8315,8634,19,81
2030086,2015-08-24,1,7878,8372,56,44
2030087,2015-08-22,1,8558,8305,45,55
2030088,2015-08-23,1,8603,10205,63,37
2030089,2015-08-23,1,9869,8633,35,65
2030090,2015-08-22,1,9783,8560,61,39
2030091,2015-08-22,1,8370,10267,55,45
2030092,2015-08-29,2,9910,8370,58,42
2030093,2015-08-30,2,8306,8581,56,44
2030094,2015-08-30,2,8302,9906,52,48
2030095,2015-08-29,2,8634,9864,67,33
2030096,2015-08-30,2,8372,8315,52,48
2030097,2015-08-30,2,8305,7878,57,43
2030098,2015-08-28,2,10205,8558,55,45
2030099,2015-08-29,2,8633,8603,68,32
2030100,2015-08-29,2,8560,9869,69,31
2030101,2015-08-30,2,10267,9783,51,49
2030102,2015-09-13,3,9910,8306,60,40
2030103,2015-09-11,3,8581,8302,48,52
2030104,2015-09-12,3,9906,8634,21,79
2030105,2015-09-13,3,9864,8372,61,39
2030106,2015-09-13,3,8315,8305,60,40
2030107,2015-09-13,3,7878,10205,51,49
2030108,2015-09-12,3,8558,8633,41,59
2030109,2015-09-12,3,8603,8560,61,39
2030110,2015-09-12,3,9869,10267,48,52
2030111,2015-09-14,3,8370,9783,65,35
2030112,2015-09-20,4,8306,8370,47,53
2030113,2015-09-20,4,8302,9910,36,64
2030114,2015-09-20,4,8634,8581,72,28
2030115,2015-09-19,4,8372,9906,45,55
2030116,2015-09-18,4,8305,9864,47,53
2030117,2015-09-20,4,10205,8315,45,55
2030118,2015-09-19,4,8633,7878,69,31
2030119,2015-09-19,4,8560,8558,56,44
2030120,2015-09-19,4,10267,8603,56,44
2030121,2015-09-20,4,9783,9869,60,40
2030122,2015-09-23,5,8306,8302,53,47
2030123,2015-09-23,5,9910,8634,50,50
2030124,2015-09-23,5,8581,8372,54,46
2030125,2015-09-22,5,9906,8305,56,44
2030126,2015-09-23,5,9864,10205,64,36
2030127,2015-09-23,5,8315,8633,45,55
2030128,2015-09-22,5,7878,8560,50,50
2030129,2015-09-22,5,8558,10267,50,50
2030130,2015-09-24,5,8603,9783,60,40
2030131,2015-09-23,5,8370,9869,53,47
2030132,2015-09-26,6,8302,8370,59,41
2030133,2015-09-26,6,8634,8306,67,33
2030134,2015-09-26,6,8372,9910,48,52
2030135,2015-09-27,6,8305,8581,56,44
2030136,2015-09-26,6,10205,9906,54,46
2030137,2015-09-26,6,8633,9864,64,36
2030138,2015-09-27,6,8560,8315,54,46
2030139,2015-09-25,6,10267,7878,51,49
2030140,2015-09-27,6,9783,8558,47,53
2030141,2015-09-27,6,9869,8603,61,39
2030142,2015-10-03,7,8302,8634,44,56
2030143,2015-10-03,7,8306,8372,50,50
2030144,2015-10-02,7,9910,8305,56,44
2030145,2015-10-04,7,8581,10205,43,57
2030146,2015-10-04,7,9906,8633,44,56
2030147,2015-10-03,7,9864,8560,51,49
2030148,2015-10-04,7,8315,10267,57,43
2030149,2015-10-03,7,7878,9783,50,50
2030150,2015-10-03,7,8558,9869,42,58
2030151,2015-10-04,7,8370,8603,60,40
2030152,2015-10-17,8,8634,8370,55,45
2030153,2015-10-17,8,8372,8302,42,58
2030154,2015-10-18,8,8305,8306,39,61
2030155,2015-10-18,8,10205,9910,46,54
2030156,2015-10-17,8,8633,8581,57,43
2030157,2015-10-18,8,8560,9906,45,55
2030158,2015-10-17,8,10267,9864,62,38
2030159,2015-10-18,8,9783,8315,48,52
2030160,2015-10-19,8,9869,7878,61,39
2030161,2015-10-17,8,8603,8558,47,53
2030162,2015-10-25,9,8634,8372,66,34
2030163,2015-10-24,9,8302,8305,56,44
2030164,2015-10-25,9,8306,10205,59,41
2030165,2015-10-24,9,9910,8633,46,54
2030166,2015-10-25,9,8581,8560,51,49
2030167,2015-10-25,9,9906,10267,49,51
2030168,2015-10-24,9,9864,9783,53,47
2030169,2015-10-26,9,8315,9869,49,51
2030170,2015-10-24,9,7878,8603,50,50
2030171,2015-10-23,9,8370,8558,59,41
2030172,2015-11-01,10,8372,8370,51,49
2030173,2015-10-31,10,8305,8634,41,59
2030174,2015-10-31,10,10205,8302,52,48
2030175,2015-10-31,10,8633,8306,58,42
2030176,2015-10-31,10,8560,9910,51,49
2030177,2015-10-31,10,10267,8581,60,40
2030178,2015-10-30,10,9783,9906,31,69
2030179,2015-11-01,10,9869,9864,49,51
2030180,2015-11-01,10,8603,8315,49,51
2030181,2015-11-01,10,8558,7878,44,56
2030182,2015-11-07,11,8372,8305,47,53
2030183,2015-11-08,11,8634,10205,72,28
2030184,2015-11-08,11,8302,8633,35,65
2030185,2015-11-06,11,8306,8560,53,47
2030186,2015-11-07,11,9910,10267,60,40
2030187,2015-11-07,11,8581,9783,55,45
2030188,2015-11-08,11,9906,9869,70,30
2030189,2015-11-07,11,9864,8603,58,42
2030190,2015-11-08,11,8315,8558,51,49
2030191,2015-11-07,11,8370,7878,50,50
2030192,2015-11-23,12,8305,8370,35,65
2030193,2015-11-22,12,10205,8372,56,44
2030194,2015-11-21,12,8633,8634,31,69
2030196,2015-11-21,12,8560,8302,63,37
2030197,2015-11-21,12,10267,8306,49,51
2030198,2015-11-21,12,9783,9910,53,47
2030199,2015-11-22,12,9869,8581,61,39
2030200,2015-11-22,12,8603,9906,46,54
2030201,2015-11-21,12,8558,9864,44,56
2030202,2015-11-22,12,7878,8315,43,57
2030203,2015-11-29,13,8305,10205,43,57
2030204,2015-11-29,13,8372,8633,28,72
2030205,2015-11-28,13,8634,8560,64,36
2030206,2015-11-29,13,8302,10267,55,45
2030207,2015-11-28,13,8306,9783,62,38
2030208,2015-11-28,13,9910,9869,47,53
2030209,2015-11-27,13,8581,8603,42,58
2030210,2015-11-28,13,9906,8558,54,46
2030211,2015-11-28,13,9864,7878,58,42
2030212,2015-11-29,13,8370,8315,61,39
2030213,2015-12-06,14,10205,8370,51,49
2030214,2015-12-05,14,8633,8305,70,30
2030215,2015-12-06,14,8560,8372,54,46
2030216,2015-12-05,14,10267,8634,37,63
2030217,2015-12-05,14,9783,8302,49,51
2030218,2015-12-06,14,9869,8306,44,56
2030219,2015-12-05,14,8603,9910,50,50
2030220,2015-12-07,14,8558,8581,59,41
2030221,2015-12-05,14,7878,9906,39,61
2030222,2015-12-06,14,8315,9864,54,46
2030223,2015-12-13,15,10205,8633,43,57
2030224,2015-12-11,15,8305,8560,37,63
2030225,2015-12-13,15,8372,10267,53,47
2030226,2015-12-12,15,8634,9783,69,31
2030227,2015-12-12,15,8302,9869,62,38
2030228,2015-12-12,15,8306,8603,56,44
2030229,2015-12-12,15,9910,8558,69,31
2030230,2015-12-12,15,8581,7878,45,55
2030231,2015-12-13,15,9906,8315,55,45
2030232,2015-12-13,15,8370,9864,54,46
2030233,2015-12-20,16,8633,8370,58,42
2030234,2015-12-20,16,8560,10205,61,39
2030235,2015-12-19,16,10267,8305,62,38
2030236,2015-12-19,16,9783,8372,48,52
2030237,2016-02-17,16,9869,8634,27,73
2030238,2015-12-19,16,8603,8302,46,54
2030239,2015-12-19,16,8558,8306,54,46
2030240,2015-12-20,16,7878,9910,51,49
2030241,2015-12-20,16,8315,8581,53,47
2030242,2015-12-20,16,9864,9906,57,43
2030243,2015-12-30,17,8633,8560,59,41
2030244,2015-12-31,17,10205,10267,61,39
2030245,2015-12-30,17,8305,9783,48,52
2030246,2015-12-30,17,8372,9869,52,48
2030247,2015-12-30,17,8634,8603,74,26
2030248,2015-12-30,17,8302,8558,46,54
2030249,2015-12-30,17,8306,7878,57,43
2030250,2015-12-30,17,9910,8315,56,44
2030251,2015-12-30,17,8581,9864,39,61
2030252,2015-12-30,17,8370,9906,60,40
2030253,2016-01-03,18,8370,8560,50,50
2030254,2016-01-03,18,10267,8633,43,57
2030255,2016-01-03,18,9783,10205,62,38
2030256,2016-01-04,18,9869,8305,46,54
2030257,2016-01-03,18,8603,8372,62,38
2030258,2016-01-02,18,8558,8634,27,73
2030259,2016-01-03,18,7878,8302,46,54
2030260,2016-01-03,18,8315,8306,43,57
2030261,2016-01-02,18,9864,9910,49,51
2030262,2016-01-02,18,9906,8581,57,43
2030263,2016-01-10,19,8560,10267,38,62
2030264,2016-01-09,19,8633,9783,59,41
2030265,2016-01-10,19,10205,9869,52,48
2030266,2016-01-09,19,8305,8603,52,48
2030267,2016-01-10,19,8372,8558,48,52
2030268,2016-01-09,19,8634,7878,63,37
2030269,2016-01-09,19,8302,8315,55,45
2030270,2016-01-10,19,8306,9864,56,44
2030271,2016-01-10,19,9910,9906,53,47
2030272,2016-01-09,19,8581,8370,51,49
2030348,2016-01-16,20,9910,8581,47,53
2030349,2016-01-17,20,8306,9906,49,51
2030350,2016-01-16,20,8302,9864,58,42
2030351,2016-01-17,20,8634,8315,66,34
2030352,2016-01-18,20,8372,7878,62,38
2030353,2016-01-17,20,8305,8558,48,52
2030354,2016-01-16,20,10205,8603,49,51
2030355,2016-01-17,20,8633,9869,66,34
2030356,2016-01-16,20,8560,9783,54,46
2030357,2016-01-17,20,10267,8370,40,60
2030358,2016-01-23,21,8370,9910,69,31
2030359,2016-01-25,21,8581,8306,43,57
2030360,2016-01-24,21,9906,8302,68,32
2030361,2016-01-23,21,9864,8634,47,53
2030362,2016-01-24,21,8315,8372,60,40
2030363,2016-01-23,21,7878,8305,64,36
2030364,2016-01-23,21,8558,10205,53,47
2030365,2016-01-24,21,8603,8633,45,55
2030366,2016-01-22,21,9869,8560,47,53
2030367,2016-01-24,21,9783,10267,49,51
2030368,2016-01-31,22,8306,9910,52,48
2030369,2016-01-31,22,8302,8581,54,46
2030370,2016-01-30,22,8634,9906,64,36
2030371,2016-01-30,22,8372,9864,55,45
2030372,2016-01-30,22,8305,8315,50,50
2030373,2016-01-30,22,10205,7878,61,39
2030374,2016-01-31,22,8633,8558,73,27
2030375,2016-01-30,22,8560,8603,57,43
2030376,2016-01-31,22,10267,9869,68,32
2030377,2016-02-01,22,9783,8370,53,47
2030378,2016-02-06,23,8370,8306,49,51
2030379,2016-02-07,23,9910,8302,52,48
2030380,2016-02-07,23,8581,8634,38,62
2030381,2016-02-06,23,9906,8372,46,54
2030382,2016-02-05,23,9864,8305,45,55
2030383,2016-02-06,23,8315,10205,72,28
2030384,2016-02-07,23,7878,8633,37,63
2030385,2016-02-08,23,8558,8560,52,48
2030386,2016-02-07,23,8603,10267,49,51
2030387,2016-02-06,23,9869,9783,38,62
2030388,2016-02-14,24,8302,8306,52,48
2030389,2016-02-14,24,8634,9910,57,43
2030390,2016-02-14,24,8372,8581,55,45
2030391,2016-02-14,24,8305,9906,50,50
2030392,2016-02-13,24,10205,9864,69,31
2030393,2016-02-13,24,8633,8315,55,45
2030394,2016-02-14,24,8560,7878,49,51
2030395,2016-02-13,24,10267,8558,68,32
2030396,2016-02-13,24,9783,8603,51,49
2030397,2016-02-12,24,9869,8370,44,56
2030398,2016-02-21,25,8370,8302,52,48
2030399,2016-02-20,25,8306,8634,31,69
2030400,2016-02-20,25,9910,8372,64,36
2030401,2016-02-19,25,8581,8305,65,35
2030402,2016-02-21,25,9906,10205,52,48
2030403,2016-02-21,25,9864,8633,43,57
2030404,2016-02-21,25,8315,8560,54,46
2030405,2016-02-21,25,7878,10267,50,50
2030406,2016-02-20,25,8558,9783,48,52
2030407,2016-02-20,25,8603,9869,52,48
2030408,2016-02-28,26,8634,8302,62,38
2030409,2016-02-26,26,8372,8306,55,45
2030410,2016-02-27,26,8305,9910,49,51
2030411,2016-02-28,26,10205,8581,49,51
2030412,2016-02-27,26,8633,9906,67,33
2030413,2016-02-27,26,8560,9864,50,50
2030414,2016-02-28,26,10267,8315,49,51
2030415,2016-02-28,26,9783,7878,63,37
2030416,2016-02-27,26,9869,8558,47,53
2030417,2016-02-27,26,8603,8370,45,55
2030418,2016-03-03,27,8370,8634,38,62
2030419,2016-03-02,27,8302,8372,58,42
2030420,2016-03-01,27,8306,8305,51,49
2030421,2016-03-02,27,9910,10205,54,46
2030422,2016-03-02,27,8581,8633,43,57
2030423,2016-03-01,27,9906,8560,58,42
2030424,2016-03-02,27,9864,10267,46,54
2030425,2016-03-02,27,8315,9783,50,50
2030426,2016-03-03,27,7878,9869,53,47
2030427,2016-03-03,27,8558,8603,43,57
2030428,2016-03-06,28,8372,8634,36,64
2030429,2016-03-05,28,8305,8302,46,54
2030430,2016-03-05,28,10205,8306,40,60
2030431,2016-03-05,28,8633,9910,48,52
2030432,2016-03-06,28,8560,8581,61,39
2030433,2016-03-06,28,10267,9906,52,48
2030434,2016-03-05,28,9783,9864,55,45
2030435,2016-03-06,28,9869,8315,34,66
2030436,2016-03-06,28,8603,7878,58,42
2030437,2016-03-07,28,8558,8370,35,65
2030438,2016-03-12,29,8370,8372,62,38
2030439,2016-03-12,29,8634,8305,61,39
2030440,2016-03-13,29,8302,10205,60,40
2030441,2016-03-13,29,8306,8633,47,53
2030442,2016-03-12,29,9910,8560,47,53
2030443,2016-03-13,29,8581,10267,50,50
2030444,2016-03-12,29,9906,9783,54,46
2030445,2016-03-11,29,9864,9869,59,41
2030446,2016-03-13,29,8315,8603,58,42
2030447,2016-03-14,29,7878,8558,63,37
2030448,2016-03-18,30,8305,8372,50,50
2030449,2016-03-20,30,10205,8634,38,62
2030450,2016-03-20,30,8633,8302,61,39
2030451,2016-03-19,30,8560,8306,66,34
2030452,2016-03-20,30,10267,9910,46,54
2030453,2016-03-19,30,9783,8581,51,49
2030454,2016-03-19,30,9869,9906,47,53
2030455,2016-03-19,30,8603,9864,47,53
2030456,2016-03-20,30,8558,8315,43,57
2030457,2016-03-19,30,7878,8370,36,64
2030458,2016-04-01,31,8370,8305,59,41
2030459,2016-04-03,31,8372,10205,49,51
2030460,2016-04-02,31,8634,8633,67,33
2030461,2016-04-03,31,8302,8560,48,52
2030462,2016-04-02,31,8306,10267,59,41
2030463,2016-04-02,31,9910,9783,57,43
2030464,2016-04-04,31,8581,9869,55,45
2030465,2016-04-02,31,9906,8603,50,50
2030466,2016-04-03,31,9864,8558,56,44
2030467,2016-04-03,31,8315,7878,58,42
2030468,2016-04-10,32,10205,8305,55,45
2030469,2016-04-09,32,8633,8372,71,29
2030470,2016-04-09,32,8560,8634,28,72
2030471,2016-04-10,32,10267,8302,64,36
2030472,2016-04-11,32,9783,8306,40,60
2030473,2016-04-10,32,9869,9910,41,59
2030474,2016-04-09,32,8603,8581,54,46
2030475,2016-04-09,32,8558,9906,49,51
2030476,2016-04-08,32,7878,9864,51,49
2030477,2016-04-10,32,8315,8370,46,54
2030478,2016-04-17,33,8370,10205,52,48
2030479,2016-04-16,33,8305,8633,33,67
2030480,2016-04-16,33,8372,8560,48,52
2030481,2016-04-17,33,8634,10267,73,27
2030482,2016-04-17,33,8302,9783,58,42
2030483,2016-04-16,33,8306,9869,57,43
2030484,2016-04-16,33,9910,8603,60,40
2030485,2016-04-15,33,8581,8558,64,36
2030486,2016-04-17,33,9906,7878,60,40
2030487,2016-04-17,33,9864,8315,49,51
2030488,2016-04-20,34,8633,10205,65,35
2030489,2016-04-21,34,8560,8305,71,29
2030490,2016-04-20,34,10267,8372,67,33
2030491,2016-04-20,34,9783,8634,39,61
2030492,2016-04-20,34,9869,8302,71,29
2030493,2016-04-19,34,8603,8306,33,67
2030494,2016-04-19,34,8558,9910,36,64
2030495,2016-04-21,34,7878,8581,59,41
2030496,2016-04-20,34,8315,9906,68,32
2030497,2016-04-20,34,9864,8370,44,56
2030498,2016-04-23,35,8370,8633,53,47
2030499,2016-04-24,35,10205,8560,35,65
2030500,2016-04-24,35,8305,10267,38,62
2030501,2016-04-23,35,8372,9783,56,44
2030502,2016-04-23,35,8634,9869,70,30
2030503,2016-04-24,35,8302,8603,52,48
2030504,2016-04-22,35,8306,8558,57,43
2030505,2016-04-25,35,9910,7878,76,24
2030506,2016-04-24,35,8581,8315,34,66
2030507,2016-04-23,35,9906,9864,45,55
2030508,2016-04-30,36,8560,8633,39,61
2030509,2016-05-01,36,10267,10205,61,39
2030510,2016-05-01,36,9783,8305,63,37
2030511,2016-04-29,36,9869,8372,47,53
2030512,2016-04-30,36,8603,8634,36,64
2030513,2016-05-01,36,8558,8302,40,60
2030514,2016-04-30,36,7878,8306,52,48
2030515,2016-05-01,36,8315,9910,52,48
2030516,2016-05-02,36,9864,8581,51,49
2030517,2016-04-30,36,9906,8370,38,62
2030518,2016-05-08,37,8560,8370,37,63
2030519,2016-05-08,37,8633,10267,55,45
2030520,2016-05-08,37,10205,9783,61,39
2030521,2016-05-08,37,8305,9869,46,54
2030522,2016-05-08,37,8372,8603,57,43
2030523,2016-05-08,37,8634,8558,75,25
2030524,2016-05-08,37,8302,7878,41,59
2030525,2016-05-08,37,8306,8315,55,45
2030526,2016-05-08,37,9910,9864,60,40
2030527,2016-05-08,37,8581,9906,61,39
2030528,2016-05-13,38,10267,8560,52,48
2030529,2016-05-14,38,9783,8633,27,73
2030530,2016-05-15,38,9869,10205,47,53
2030531,2016-05-15,38,8603,8305,60,40
2030532,2016-05-15,38,8558,8372,56,44
2030533,2016-05-14,38,7878,8634,25,75
2030534,2016-05-14,38,8315,8302,64,36
2030535,2016-05-15,38,9864,8306,42,58
2030536,2016-05-14,38,9906,9910,38,62
2030537,2016-05-15,38,8370,8581,53,47
2060255,2015-08-23,1,8534,8533,66,34
2060256,2015-08-23,1,8535,8564,51,49
2060257,2015-08-23,1,9891,9804,38,62
2060258,2015-08-22,1,9876,8686,30,70
2060259,2015-08-23,1,8636,8524,62,38
2060260,2015-08-23,1,9885,8600,67,33
2060261,2015-08-22,1,8543,9857,67,33
2060262,2015-08-23,1,8540,10233,56,44
2060263,2015-08-23,1,9882,208931,66,34
2060264,2015-08-23,1,7943,9875,54,46
2060266,2015-08-30,2,8524,9891,64,36
2060267,2015-08-29,2,9857,7943,52,48
2060268,2015-08-30,2,208931,8636,25,75
2060269,2015-08-30,2,8533,8543,47,53
2060270,2015-08-30,2,10233,9876,68,32
2060271,2015-08-29,2,8564,8534,55,45
2060272,2015-08-30,2,9875,9882,57,43
2060273,2015-08-30,2,8686,9885,67,33
2060274,2015-08-30,2,9804,8535,30,70
2060275,2015-08-30,2,8600,8540,48,52
2060276,2015-09-13,3,8534,9875,52,48
2060277,2015-09-12,3,8535,10233,56,44
2060278,2015-09-12,3,9891,8686,35,65
2060279,2015-09-13,3,9876,9804,65,35
2060280,2015-09-13,3,8636,8564,63,37
2060281,2015-09-12,3,9885,8533,67,33
2060282,2015-09-13,3,8543,8600,64,36
2060283,2015-09-13,3,8540,208931,66,34
2060284,2015-09-14,3,9882,9857,58,42
2060285,2015-09-13,3,7943,8524,56,44
2060286,2016-01-17,20,8533,8534,42,58
2060287,2016-01-17,20,8564,8535,30,70
2060288,2016-01-16,20,9804,9891,70,30
2060289,2016-01-17,20,8686,9876,75,25
2060290,2016-01-16,20,8524,8636,47,53
2060291,2016-01-17,20,8600,9885,42,58
2060292,2016-01-17,20,9857,8543,39,61
2060293,2016-01-17,20,10233,8540,55,45
2060294,2016-01-17,20,208931,9882,45,55
2060295,2016-01-16,20,9875,7943,71,29
2060296,2016-01-23,21,9891,8524,52,48
2060297,2016-01-24,21,7943,9857,46,54
2060298,2016-01-24,21,8636,208931,79,21
2060299,2016-01-24,21,8543,8533,58,42
2060300,2016-01-24,21,9876,10233,38,62
2060301,2016-01-23,21,8534,8564,65,35
2060302,2016-01-24,21,9882,9875,51,49
2060303,2016-01-24,21,9885,8686,60,40
2060304,2016-01-24,21,8535,9804,58,42
2060305,2016-01-24,21,8540,8600,52,48
2060306,2016-01-31,22,9875,8534,68,32
2060307,2016-01-31,22,10233,8535,53,47
2060308,2016-01-30,22,8686,9891,72,28
2060309,2016-01-31,22,9804,9876,61,39
2060310,2016-01-31,22,8564,8636,38,62
2060311,2016-01-31,22,8533,9885,32,68
2060312,2016-01-31,22,8600,8543,47,53
2060313,2016-01-30,22,208931,8540,49,51
2060314,2016-01-31,22,9857,9882,53,47
2060315,2016-01-30,22,8524,7943,50,50
2060316,2015-09-20,4,8524,9876,63,37
2060317,2015-09-20,4,9857,9891,36,64
2060318,2015-09-20,4,208931,8535,25,75
2060319,2015-09-20,4,8533,8636,38,62
2060320,2015-09-20,4,10233,9885,56,44
2060321,2015-09-19,4,8564,8540,61,39
2060322,2015-09-20,4,9875,8543,68,32
2060323,2015-09-20,4,8686,7943,49,51
2060324,2015-09-20,4,9804,9882,77,23
2060325,2015-09-19,4,8600,8534,50,50
2060326,2016-02-03,23,9876,8524,39,61
2060327,2016-02-03,23,9891,9857,57,43
2060328,2016-02-03,23,8535,208931,76,24
2060329,2016-02-03,23,8636,8533,70,30
2060330,2016-02-03,23,9885,10233,66,34
2060331,2016-02-03,23,8540,8564,40,60
2060332,2016-02-03,23,8543,9875,41,59
2060333,2016-02-02,23,7943,8686,33,67
2060334,2016-02-03,23,9882,9804,52,48
2060335,2016-02-03,23,8534,8600,68,32
2060336,2015-09-23,5,208931,9875,32,68
2060337,2015-09-23,5,8533,9804,31,69
2060338,2015-09-24,5,8534,8524,48,52
2060339,2015-09-23,5,8535,9857,68,32
2060340,2015-09-23,5,8636,9876,61,39
2060341,2015-09-23,5,9885,9891,67,33
2060342,2015-09-23,5,8543,10233,50,50
2060343,2015-09-23,5,8540,7943,49,51
2060344,2015-09-23,5,9882,8686,39,61
2060345,2015-09-22,5,8600,8564,48,52
2060346,2016-02-07,24,9875,208931,82,18
2060347,2016-02-07,24,9804,8533,44,56
2060348,2016-02-07,24,8524,8534,56,44
2060349,2016-02-06,24,9857,8535,33,67
2060350,2016-02-07,24,9876,8636,30,70
2060351,2016-02-07,24,9891,9885,40,60
2060352,2016-02-06,24,10233,8543,52,48
2060353,2016-02-07,24,7943,8540,62,38
2060354,2016-02-07,24,8686,9882,70,30
2060355,2016-02-07,24,8564,8600,54,46
2060364,2015-09-28,6,8524,9882,45,55
2060365,2015-09-27,6,9857,8600,49,51
2060366,2015-09-28,6,9891,8534,45,55
2060367,2015-09-27,6,10233,8564,44,56
2060368,2015-09-27,6,9876,8543,38,62
2060369,2015-09-27,6,8636,8535,49,51
2060370,2015-09-26,6,9875,9885,53,47
2060371,2015-09-26,6,8686,208931,74,26
2060372,2015-09-27,6,7943,8533,44,56
2060373,2015-09-27,6,9804,8540,55,45
2060374,2016-02-14,25,9882,8524,59,41
2060375,2016-02-14,25,8600,9857,48,52
2060376,2016-02-13,25,8534,9891,70,30
2060377,2016-02-14,25,8564,10233,50,50
2060378,2016-02-11,25,8543,9876,65,35
2060379,2016-02-14,25,8535,8636,60,40
2060380,2016-02-13,25,9885,9875,46,54
2060381,2016-02-12,25,208931,8686,32,68
2060382,2016-02-13,25,8533,7943,36,64
2060383,2016-02-14,25,8540,9804,43,57
2060384,2015-10-03,7,208931,9804,57,43
2060385,2015-10-03,7,8533,9876,54,46
2060386,2015-10-04,7,8534,7943,62,38
2060387,2015-10-04,7,8535,8524,62,38
2060388,2015-10-04,7,9885,9857,61,39
2060389,2015-10-04,7,8543,9891,67,33
2060390,2015-10-04,7,8564,9875,48,52
2060391,2015-10-04,7,8540,8686,47,53
2060392,2015-10-04,7,9882,8636,43,57
2060393,2015-10-04,7,8600,10233,41,59
2060394,2016-02-21,26,9804,208931,57,43
2060395,2016-02-20,26,9876,8533,47,53
2060396,2016-02-21,26,7943,8534,43,57
2060397,2016-02-21,26,8524,8535,54,46
2060398,2016-02-19,26,9857,9885,47,53
2060399,2016-02-21,26,9891,8543,44,56
2060400,2016-02-22,26,9875,8564,69,31
2060401,2016-02-21,26,8686,8540,62,38
2060402,2016-02-20,26,8636,9882,40,60
2060403,2016-02-21,26,10233,8600,60,40
2060404,2015-10-18,8,8524,208931,58,42
2060405,2015-10-18,8,9857,8540,52,48
2060406,2015-10-18,8,9891,9882,37,63
2060407,2015-10-18,8,10233,8533,58,42
2060408,2015-10-18,8,9876,8600,60,40
2060409,2015-10-18,8,8636,9885,54,46
2060410,2015-10-18,8,9875,8535,46,54
2060411,2015-10-17,8,8686,8534,58,42
2060412,2015-10-18,8,7943,8543,41,59
2060413,2015-10-17,8,9804,8564,38,62
2060414,2016-02-28,27,208931,8524,43,57
2060415,2016-02-28,27,8540,9857,59,41
2060416,2016-02-28,27,9882,9891,54,46
2060417,2016-02-28,27,8533,10233,47,53
2060418,2016-02-28,27,8600,9876,68,32
2060419,2016-02-28,27,9885,8636,48,52
2060420,2016-02-29,27,8535,9875,48,52
2060421,2016-02-27,27,8534,8686,41,59
2060422,2016-02-29,27,8543,7943,63,37
2060423,2016-02-27,27,8564,9804,61,39
2060424,2015-10-24,9,208931,9857,56,44
2060425,2015-10-25,9,8533,9875,24,76
2060426,2015-10-24,9,8534,10233,50,50
2060427,2015-10-25,9,8535,8686,62,38
2060428,2015-10-25,9,9885,8524,70,30
2060429,2015-10-25,9,8543,9804,53,47
2060430,2015-10-25,9,8564,7943,47,53
2060431,2015-10-24,9,8540,8636,49,51
2060432,2015-10-25,9,9882,9876,35,65
2060433,2015-10-25,9,8600,9891,58,42
2060434,2016-03-06,28,9857,208931,68,32
2060435,2016-03-05,28,9875,8533,80,20
2060436,2016-03-06,28,10233,8534,56,44
2060437,2016-03-04,28,8686,8535,61,39
2060438,2016-03-06,28,8524,9885,24,76
2060439,2016-03-06,28,9804,8543,43,57
2060440,2016-03-06,28,7943,8564,54,46
2060441,2016-03-06,28,8636,8540,70,30
2060442,2016-03-05,28,9876,9882,48,52
2060443,2016-03-06,28,9891,8600,58,42
2060444,2015-10-28,10,8524,8543,45,55
2060445,2015-10-27,10,9857,8636,49,51
2060446,2015-10-28,10,9891,208931,57,43
2060447,2015-10-28,10,9876,8535,25,75
2060448,2015-10-28,10,8564,8533,62,38
2060449,2015-10-28,10,9875,8540,74,26
2060450,2015-10-28,10,8686,8600,55,45
2060451,2015-10-29,10,9882,8534,63,37
2060452,2015-10-28,10,7943,9885,49,51
2060453,2015-10-28,10,9804,10233,52,48
2060454,2016-03-13,29,8543,8524,52,48
2060455,2016-03-12,29,8636,9857,67,33
2060456,2016-03-13,29,208931,9891,40,60
2060457,2016-03-13,29,8535,9876,56,44
2060458,2016-03-13,29,8533,8564,46,54
2060459,2016-03-13,29,8540,9875,29,71
2060460,2016-03-13,29,8600,8686,39,61
2060461,2016-03-12,29,8534,9882,63,37
2060462,2016-03-11,29,9885,7943,54,46
2060463,2016-03-13,29,10233,9804,51,49
2060464,2015-11-01,11,9857,8524,56,44
2060465,2015-11-01,11,208931,9876,46,54
2060466,2015-11-02,11,8533,9882,48,52
2060467,2015-11-01,11,8535,9891,75,25
2060468,2015-11-01,11,10233,9875,47,53
2060469,2015-10-31,11,8636,8686,46,54
2060470,2015-10-31,11,9885,9804,53,47
2060471,2015-11-01,11,8543,8564,59,41
2060472,2015-11-02,11,8540,8534,49,51
2060473,2015-11-01,11,8600,7943,50,50
2060474,2016-03-20,30,8524,9857,47,53
2060475,2016-03-20,30,9876,208931,57,43
2060476,2016-03-20,30,9882,8533,59,41
2060477,2016-03-20,30,9891,8535,31,69
2060478,2016-03-20,30,9875,10233,68,32
2060479,2016-03-19,30,8686,8636,56,44
2060480,2016-03-20,30,9804,9885,43,57
2060481,2016-03-20,30,8564,8543,48,52
2060482,2016-03-19,30,8534,8540,56,44
2060483,2016-03-20,30,7943,8600,58,42
2060484,2015-11-08,12,8534,9885,44,56
2060485,2015-11-08,12,9891,10233,39,61
2060486,2015-11-07,12,9876,9857,52,48
2060487,2015-11-07,12,8564,8524,55,45
2060488,2015-11-08,12,9875,8600,62,38
2060489,2015-11-08,12,8540,8533,57,43
2060490,2015-11-08,12,8686,8543,63,37
2060491,2015-11-08,12,9882,8535,33,67
2060492,2015-11-08,12,7943,208931,66,34
2060493,2015-11-08,12,9804,8636,38,62
2060494,2016-04-02,31,9885,8534,48,52
2060495,2016-04-03,31,10233,9891,51,49
2060496,2016-04-04,31,9857,9876,57,43
2060497,2016-04-03,31,8524,8564,54,46
2060498,2016-04-03,31,8600,9875,41,59
2060499,2016-04-03,31,8533,8540,53,47
2060500,2016-04-03,31,8543,8686,36,64
2060501,2016-04-03,31,8535,9882,60,40
2060502,2016-04-02,31,208931,7943,33,67
2060503,2016-04-03,31,8636,9804,65,35
2060504,2015-11-22,13,8524,9804,58,42
2060505,2015-11-21,13,9857,8686,46,54
2060506,2015-11-22,13,208931,8533,41,59
2060507,2015-11-22,13,8535,8534,61,39
2060508,2015-11-22,13,10233,7943,48,52
2060509,2015-11-22,13,9876,9875,26,74
2060510,2015-11-22,13,8636,9891,65,35
2060511,2015-11-21,13,9885,8564,58,42
2060512,2015-11-22,13,8543,8540,59,41
2060513,2015-11-22,13,8600,9882,39,61
2060514,2016-04-10,32,9804,8524,48,52
2060515,2016-04-11,32,8686,9857,67,33
2060516,2016-04-09,32,8533,208931,66,34
2060517,2016-04-10,32,8534,8535,37,63
2060518,2016-04-09,32,7943,10233,54,46
2060519,2016-04-10,32,9875,9876,59,41
2060520,2016-04-09,32,9891,8636,35,65
2060521,2016-04-09,32,8564,9885,48,52
2060522,2016-04-10,32,8540,8543,45,55
2060523,2016-04-10,32,9882,8600,45,55
2060524,2015-11-29,14,8533,8600,49,51
2060525,2015-11-29,14,8534,8543,50,50
2060526,2015-11-29,14,9891,9876,58,42
2060527,2015-11-29,14,10233,208931,63,37
2060528,2015-11-28,14,8564,9882,53,47
2060529,2015-11-30,14,9875,8636,58,42
2060530,2015-11-29,14,8540,9885,32,68
2060531,2015-11-29,14,8686,8524,56,44
2060532,2015-11-30,14,7943,8535,57,43
2060533,2015-11-28,14,9804,9857,71,29
2060534,2016-04-17,33,8600,8533,44,56
2060535,2016-04-17,33,8543,8534,54,46
2060536,2016-04-17,33,9876,9891,56,44
2060537,2016-04-16,33,208931,10233,48,52
2060538,2016-04-17,33,9882,8564,33,67
2060539,2016-04-16,33,8636,9875,31,69
2060540,2016-04-17,33,9885,8540,77,23
2060541,2016-04-17,33,8524,8686,40,60
2060542,2016-04-17,33,8535,7943,62,38
2060543,2016-04-16,33,9857,9804,59,41
2060544,2015-12-06,15,8524,8540,48,52
2060545,2015-12-06,15,9857,9875,35,65
2060546,2015-12-06,15,208931,8564,51,49
2060547,2015-12-06,15,8535,8600,65,35
2060548,2015-12-06,15,9891,8533,59,41
2060549,2015-12-06,15,9876,8534,53,47
2060550,2015-12-05,15,8636,10233,68,32
2060551,2015-12-04,15,8543,9885,64,36
2060552,2015-12-06,15,9882,7943,57,43
2060553,2015-12-05,15,9804,8686,47,53
2060554,2016-04-20,34,8540,8524,48,52
2060555,2016-04-19,34,9875,9857,65,35
2060556,2016-04-21,34,8564,208931,81,19
2060557,2016-04-20,34,8600,8535,24,76
2060558,2016-04-20,34,8533,9891,52,48
2060559,2016-04-20,34,8534,9876,66,34
2060560,2016-04-20,34,10233,8636,44,56
2060561,2016-04-20,34,9885,8543,40,60
2060562,2016-04-20,34,7943,9882,56,44
2060563,2016-04-20,34,8686,9804,49,51
2060564,2015-12-13,16,8533,8524,44,56
2060565,2015-12-13,16,8534,208931,67,33
2060566,2015-12-12,16,10233,9857,69,31
2060567,2015-12-13,16,9885,8535,36,64
2060568,2015-12-14,16,8543,9882,63,37
2060569,2015-12-13,16,8564,9876,50,50
2060570,2015-12-13,16,9875,8686,54,46
2060571,2015-12-12,16,8540,9891,55,45
2060572,2016-01-20,16,7943,9804,61,39
2060573,2015-12-12,16,8600,8636,61,39
2060574,2016-04-24,35,8524,8533,52,48
2060575,2016-04-25,35,208931,8534,37,63
2060576,2016-04-24,35,9857,10233,51,49
2060577,2016-04-24,35,8535,9885,45,55
2060578,2016-04-24,35,9882,8543,44,56
2060579,2016-04-25,35,9876,8564,35,65
2060580,2016-04-25,35,8686,9875,54,46
2060581,2016-04-24,35,9891,8540,47,53
2060582,2016-04-24,35,9804,7943,42,58
2060583,2016-04-23,35,8636,8600,65,35
2060584,2015-12-20,17,8524,9875,43,57
2060585,2015-12-19,17,9857,8534,42,58
2060586,2015-12-20,17,208931,9885,27,73
2060587,2015-12-20,17,8535,8533,74,26
2060588,2015-12-20,17,9891,8564,27,73
2060589,2015-12-20,17,9876,7943,45,55
2060590,2015-12-20,17,8636,8543,61,39
2060591,2015-12-20,17,8686,10233,67,33
2060592,2015-12-20,17,9882,8540,64,36
2060593,2015-12-20,17,9804,8600,34,66
2060594,2016-05-02,36,9875,8524,52,48
2060595,2016-05-01,36,8534,9857,60,40
2060596,2016-05-01,36,9885,208931,78,22
2060597,2016-04-30,36,8533,8535,55,45
2060598,2016-05-01,36,8564,9891,58,42
2060599,2016-05-01,36,7943,9876,61,39
2060600,2016-05-01,36,8543,8636,48,52
2060601,2016-05-02,36,10233,8686,44,56
2060602,2016-05-01,36,8540,9882,42,58
2060603,2016-04-30,36,8600,9804,38,62
2060605,2016-01-06,18,8533,8686,68,32
2060606,2016-01-06,18,8534,8636,50,50
2060607,2016-01-05,18,10233,9882,53,47
2060608,2016-01-06,18,9885,9876,53,47
2060609,2016-01-06,18,8543,208931,68,32
2060610,2016-01-06,18,8564,9857,51,49
2060611,2016-01-06,18,9875,9804,56,44
2060612,2016-01-06,18,8540,8535,37,63
2060613,2016-01-06,18,7943,9891,63,37
2060614,2016-01-06,18,8600,8524,46,54
2060615,2016-05-08,37,8686,8533,68,32
2060616,2016-05-07,37,8636,8534,54,46
2060617,2016-05-08,37,9882,10233,61,39
2060618,2016-05-08,37,9876,9885,46,54
2060619,2016-05-08,37,208931,8543,39,61
2060620,2016-05-07,37,9857,8564,43,57
2060621,2016-05-08,37,9804,9875,30,70
2060622,2016-05-08,37,8535,8540,70,30
2060623,2016-05-08,37,9891,7943,43,57
2060624,2016-05-08,37,8524,8600,68,32
2060626,2016-01-10,19,8524,10233,64,36
2060627,2016-01-10,19,9857,8533,48,52
2060628,2016-01-09,19,208931,8600,59,41
2060629,2016-01-09,19,8535,8543,64,36
2060630,2016-01-10,19,9891,9875,30,70
2060631,2016-01-10,19,9876,8540,58,42
2060632,2016-01-10,19,8636,7943,59,41
2060633,2016-01-09,19,8686,8564,46,54
2060634,2016-01-10,19,9882,9885,42,58
2060635,2016-01-10,19,9804,8534,60,40
2060636,2016-05-15,38,10233,8524,60,40
2060637,2016-05-15,38,8533,9857,50,50
2060638,2016-05-15,38,8600,208931,68,32
2060639,2016-05-15,38,8543,8535,45,55
2060640,2016-05-14,38,9875,9891,74,26
2060641,2016-05-15,38,8540,9876,36,64
2060642,2016-05-14,38,7943,8636,42,58
2060643,2016-05-14,38,8564,8686,40,60
2060644,2016-05-14,38,9885,9882,77,23
2060645,2016-05-15,38,8534,9804,46,54
2118418,2015-11-04,9,9831,9830,65,35
